dataset,split
5g_energy_consumption-10eca1f7da02,0
5g_energy_consumption-10eca1f7da02,1
5g_energy_consumption-10eca1f7da02,2
5g_energy_consumption-10eca1f7da02,3
5g_energy_consumption-10eca1f7da02,4
5g_energy_consumption-10eca1f7da02,5
5g_energy_consumption-10eca1f7da02,6
5g_energy_consumption-10eca1f7da02,7
acquire_valued_shoppers_challenge-f519aa482bb5,0
acquire_valued_shoppers_challenge-f519aa482bb5,1
acquire_valued_shoppers_challenge-f519aa482bb5,2
acquire_valued_shoppers_challenge-f519aa482bb5,3
acquire_valued_shoppers_challenge-f519aa482bb5,4
airfoil_self_noise-6278f0ada559,0
airfoil_self_noise-6278f0ada559,1
airfoil_self_noise-6278f0ada559,2
airfoil_self_noise-6278f0ada559,3
airfoil_self_noise-6278f0ada559,4
airfoil_self_noise-6278f0ada559,5
airfoil_self_noise-6278f0ada559,6
allstate_claims_severity-ac12f04f54e8,0
amazon_employee_access-4417c4c952bc,0
amazon_employee_access-4417c4c952bc,1
amazon_employee_access-4417c4c952bc,2
amazon_employee_access-4417c4c952bc,3
amazon_employee_access-4417c4c952bc,4
amazon_employee_access-4417c4c952bc,5
amex_non_iid_1m-e2e64ee8b42e,0
anes_voting_2026-58a0e941922e,0
anes_voting_2026-58a0e941922e,1
anes_voting_2026-58a0e941922e,2
anes_voting_2026-58a0e941922e,3
anes_voting_2026-58a0e941922e,4
anes_voting_2026-58a0e941922e,5
anes_voting_2026-58a0e941922e,6
anes_voting_2026-58a0e941922e,7
anes_voting_2026-58a0e941922e,8
aps_failure-b63fc6330117,0
aps_failure-b63fc6330117,1
aps_failure-b63fc6330117,2
aps_failure-b63fc6330117,3
aps_failure-b63fc6330117,4
aps_failure-b63fc6330117,5
aps_failure-b63fc6330117,6
aps_failure-b63fc6330117,7
asp_potassco_classification-6cbac33e4d1f,0
asp_potassco_classification-6cbac33e4d1f,1
asp_potassco_classification-6cbac33e4d1f,2
asp_potassco_classification-6cbac33e4d1f,3
asp_potassco_classification-6cbac33e4d1f,4
asp_potassco_classification-6cbac33e4d1f,5
asp_potassco_classification-6cbac33e4d1f,6
asp_potassco_classification-6cbac33e4d1f,7
asp_potassco_classification-6cbac33e4d1f,8
asp_potassco_classification-6cbac33e4d1f,9
asp_potassco_classification-6cbac33e4d1f,10
asp_potassco_classification-6cbac33e4d1f,11
asp_potassco_classification-6cbac33e4d1f,12
asp_potassco_classification-6cbac33e4d1f,13
asp_potassco_classification-6cbac33e4d1f,14
asp_potassco_classification-6cbac33e4d1f,15
asp_potassco_classification-6cbac33e4d1f,16
asp_potassco_classification-6cbac33e4d1f,17
asp_potassco_classification-6cbac33e4d1f,18
asp_potassco_classification-6cbac33e4d1f,19
asp_potassco_classification-6cbac33e4d1f,20
asp_potassco_classification-6cbac33e4d1f,21
audiology_diagnosis-90d4820bace0,0
audiology_diagnosis-90d4820bace0,1
audiology_diagnosis-90d4820bace0,2
audiology_diagnosis-90d4820bace0,3
audiology_diagnosis-90d4820bace0,4
audiology_diagnosis-90d4820bace0,5
audiology_diagnosis-90d4820bace0,6
audiology_diagnosis-90d4820bace0,7
audiology_diagnosis-90d4820bace0,8
audiology_diagnosis-90d4820bace0,9
audiology_diagnosis-90d4820bace0,10
audiology_diagnosis-90d4820bace0,11
audiology_diagnosis-90d4820bace0,12
audiology_diagnosis-90d4820bace0,13
audiology_diagnosis-90d4820bace0,14
audiology_diagnosis-90d4820bace0,15
audiology_diagnosis-90d4820bace0,16
audiology_diagnosis-90d4820bace0,17
audiology_diagnosis-90d4820bace0,18
audiology_diagnosis-90d4820bace0,19
audiology_diagnosis-90d4820bace0,20
audiology_diagnosis-90d4820bace0,21
audiology_diagnosis-90d4820bace0,22
audiology_diagnosis-90d4820bace0,23
audiology_diagnosis-90d4820bace0,24
audiology_diagnosis-90d4820bace0,25
bad_customer_detection-7b2ea3462dce,0
bad_customer_detection-7b2ea3462dce,1
bad_customer_detection-7b2ea3462dce,2
bad_customer_detection-7b2ea3462dce,3
bad_customer_detection-7b2ea3462dce,4
bad_customer_detection-7b2ea3462dce,5
bad_customer_detection-7b2ea3462dce,6
bad_customer_detection-7b2ea3462dce,7
bad_customer_detection-7b2ea3462dce,8
bad_customer_detection-7b2ea3462dce,9
bad_customer_detection-7b2ea3462dce,10
bad_customer_detection-7b2ea3462dce,11
bad_customer_detection-7b2ea3462dce,12
bad_customer_detection-7b2ea3462dce,13
bad_customer_detection-7b2ea3462dce,14
bad_customer_detection-7b2ea3462dce,15
bad_customer_detection-7b2ea3462dce,16
bad_customer_detection-7b2ea3462dce,17
bad_customer_detection-7b2ea3462dce,18
bad_customer_detection-7b2ea3462dce,19
bad_customer_detection-7b2ea3462dce,20
bad_customer_detection-7b2ea3462dce,21
bad_customer_detection-7b2ea3462dce,22
bad_customer_detection-7b2ea3462dce,23
bad_customer_detection-7b2ea3462dce,24
bad_customer_detection-7b2ea3462dce,25
bad_customer_detection-7b2ea3462dce,26
bad_customer_detection-7b2ea3462dce,27
bad_customer_detection-7b2ea3462dce,28
bad_customer_detection-7b2ea3462dce,29
bank_customer_churn-b1fc11f3ea36,0
bank_customer_churn-b1fc11f3ea36,1
bank_customer_churn-b1fc11f3ea36,2
bank_customer_churn-b1fc11f3ea36,3
bank_customer_churn-b1fc11f3ea36,4
bank_customer_churn-b1fc11f3ea36,5
bank_customer_churn-b1fc11f3ea36,6
bank_customer_churn-b1fc11f3ea36,7
bank_customer_churn-b1fc11f3ea36,8
bank_marketing-ba2b45409a51,0
bank_marketing-ba2b45409a51,1
bank_marketing-ba2b45409a51,2
bank_marketing-ba2b45409a51,3
bank_marketing-ba2b45409a51,4
bank_marketing-ba2b45409a51,5
bank_marketing-ba2b45409a51,6
bank_marketing-ba2b45409a51,7
bank_marketing-ba2b45409a51,8
biogeographical_ancestry_prediction-a940a550ed40,0
biogeographical_ancestry_prediction-a940a550ed40,1
biogeographical_ancestry_prediction-a940a550ed40,2
biogeographical_ancestry_prediction-a940a550ed40,3
biogeographical_ancestry_prediction-a940a550ed40,4
biogeographical_ancestry_prediction-a940a550ed40,5
biogeographical_ancestry_prediction-a940a550ed40,6
biogeographical_ancestry_prediction-a940a550ed40,7
biomechanical_orthopaedic_prediction-c744da7b0d83,0
biomechanical_orthopaedic_prediction-c744da7b0d83,1
biomechanical_orthopaedic_prediction-c744da7b0d83,2
biomechanical_orthopaedic_prediction-c744da7b0d83,3
biomechanical_orthopaedic_prediction-c744da7b0d83,4
biomechanical_orthopaedic_prediction-c744da7b0d83,5
biomechanical_orthopaedic_prediction-c744da7b0d83,6
biomechanical_orthopaedic_prediction-c744da7b0d83,7
biomechanical_orthopaedic_prediction-c744da7b0d83,8
biomechanical_orthopaedic_prediction-c744da7b0d83,9
biomechanical_orthopaedic_prediction-c744da7b0d83,10
biomechanical_orthopaedic_prediction-c744da7b0d83,11
biomechanical_orthopaedic_prediction-c744da7b0d83,12
biomechanical_orthopaedic_prediction-c744da7b0d83,13
biomechanical_orthopaedic_prediction-c744da7b0d83,14
biomechanical_orthopaedic_prediction-c744da7b0d83,15
biomechanical_orthopaedic_prediction-c744da7b0d83,16
biomechanical_orthopaedic_prediction-c744da7b0d83,17
biomechanical_orthopaedic_prediction-c744da7b0d83,18
biomechanical_orthopaedic_prediction-c744da7b0d83,19
biomechanical_orthopaedic_prediction-c744da7b0d83,20
biomechanical_orthopaedic_prediction-c744da7b0d83,21
biomechanical_orthopaedic_prediction-c744da7b0d83,22
biomechanical_orthopaedic_prediction-c744da7b0d83,23
biomechanical_orthopaedic_prediction-c744da7b0d83,24
biomechanical_orthopaedic_prediction-c744da7b0d83,25
biomechanical_orthopaedic_prediction-c744da7b0d83,26
biomechanical_orthopaedic_prediction-c744da7b0d83,27
biomechanical_orthopaedic_prediction-c744da7b0d83,28
biomechanical_orthopaedic_prediction-c744da7b0d83,29
bioresponse-63f85b558d70,0
bioresponse-63f85b558d70,1
bioresponse-63f85b558d70,2
bioresponse-63f85b558d70,3
bioresponse-63f85b558d70,4
bioresponse-63f85b558d70,5
bioresponse-63f85b558d70,6
bioresponse-63f85b558d70,7
bioresponse-63f85b558d70,8
blood_tests_drink_prediction-aeec267edab7,0
blood_tests_drink_prediction-aeec267edab7,1
blood_tests_drink_prediction-aeec267edab7,2
blood_tests_drink_prediction-aeec267edab7,3
blood_tests_drink_prediction-aeec267edab7,4
blood_tests_drink_prediction-aeec267edab7,5
blood_tests_drink_prediction-aeec267edab7,6
blood_tests_drink_prediction-aeec267edab7,7
blood_tests_drink_prediction-aeec267edab7,8
blood_tests_drink_prediction-aeec267edab7,9
blood_tests_drink_prediction-aeec267edab7,10
blood_tests_drink_prediction-aeec267edab7,11
blood_tests_drink_prediction-aeec267edab7,12
blood_tests_drink_prediction-aeec267edab7,13
blood_tests_drink_prediction-aeec267edab7,14
blood_tests_drink_prediction-aeec267edab7,15
blood_tests_drink_prediction-aeec267edab7,16
blood_tests_drink_prediction-aeec267edab7,17
blood_tests_drink_prediction-aeec267edab7,18
blood_tests_drink_prediction-aeec267edab7,19
blood_tests_drink_prediction-aeec267edab7,20
blood_tests_drink_prediction-aeec267edab7,21
blood_tests_drink_prediction-aeec267edab7,22
blood_tests_drink_prediction-aeec267edab7,23
blood_tests_drink_prediction-aeec267edab7,24
blood_tests_drink_prediction-aeec267edab7,25
blood_tests_drink_prediction-aeec267edab7,26
blood_tests_drink_prediction-aeec267edab7,27
blood_tests_drink_prediction-aeec267edab7,28
blood_tests_drink_prediction-aeec267edab7,29
blood_tests_drink_prediction-aeec267edab7,30
blood_tests_drink_prediction-aeec267edab7,31
blood_tests_drink_prediction-aeec267edab7,32
blood_tests_drink_prediction-aeec267edab7,33
blood_tests_drink_prediction-aeec267edab7,34
blood_tests_drink_prediction-aeec267edab7,35
blood_tests_drink_prediction-aeec267edab7,36
blood_tests_drink_prediction-aeec267edab7,37
blood_tests_drink_prediction-aeec267edab7,38
blood_transfusion-c0b8fbb104f3,0
blood_transfusion-c0b8fbb104f3,1
blood_transfusion-c0b8fbb104f3,2
blood_transfusion-c0b8fbb104f3,3
blood_transfusion-c0b8fbb104f3,4
blood_transfusion-c0b8fbb104f3,5
blood_transfusion-c0b8fbb104f3,6
blood_transfusion-c0b8fbb104f3,7
blood_transfusion-c0b8fbb104f3,8
blood_transfusion-c0b8fbb104f3,9
blood_transfusion-c0b8fbb104f3,10
blood_transfusion-c0b8fbb104f3,11
blood_transfusion-c0b8fbb104f3,12
blood_transfusion-c0b8fbb104f3,13
blood_transfusion-c0b8fbb104f3,14
blood_transfusion-c0b8fbb104f3,15
blood_transfusion-c0b8fbb104f3,16
blood_transfusion-c0b8fbb104f3,17
blood_transfusion-c0b8fbb104f3,18
blood_transfusion-c0b8fbb104f3,19
blood_transfusion-c0b8fbb104f3,20
blood_transfusion-c0b8fbb104f3,21
blood_transfusion-c0b8fbb104f3,22
body_density_prediction-19548b7220c1,0
body_density_prediction-19548b7220c1,1
body_density_prediction-19548b7220c1,2
body_density_prediction-19548b7220c1,3
body_density_prediction-19548b7220c1,4
body_density_prediction-19548b7220c1,5
body_density_prediction-19548b7220c1,6
body_density_prediction-19548b7220c1,7
body_density_prediction-19548b7220c1,8
body_density_prediction-19548b7220c1,9
body_density_prediction-19548b7220c1,10
body_density_prediction-19548b7220c1,11
body_density_prediction-19548b7220c1,12
body_density_prediction-19548b7220c1,13
body_density_prediction-19548b7220c1,14
body_density_prediction-19548b7220c1,15
body_density_prediction-19548b7220c1,16
body_density_prediction-19548b7220c1,17
body_density_prediction-19548b7220c1,18
body_density_prediction-19548b7220c1,19
body_density_prediction-19548b7220c1,20
body_density_prediction-19548b7220c1,21
body_density_prediction-19548b7220c1,22
body_density_prediction-19548b7220c1,23
body_density_prediction-19548b7220c1,24
body_density_prediction-19548b7220c1,25
body_density_prediction-19548b7220c1,26
california_house_prices_2020-08905ffc576b,0
california_house_prices_2020-08905ffc576b,1
california_house_prices_2020-08905ffc576b,2
cardiotocography-172ef52f9a1b,0
cardiotocography-172ef52f9a1b,1
cardiotocography-172ef52f9a1b,2
cardiotocography-172ef52f9a1b,3
cardiotocography-172ef52f9a1b,4
cardiotocography-172ef52f9a1b,5
cardiotocography-172ef52f9a1b,6
cardiotocography-172ef52f9a1b,7
cardiotocography-172ef52f9a1b,8
cardiotocography-172ef52f9a1b,9
cardiotocography-172ef52f9a1b,10
cardiotocography-172ef52f9a1b,11
cardiotocography-172ef52f9a1b,12
cardiotocography-172ef52f9a1b,13
cardiotocography-172ef52f9a1b,14
cardiotocography-172ef52f9a1b,15
cardiotocography-172ef52f9a1b,16
cardiotocography-172ef52f9a1b,17
cardiotocography-172ef52f9a1b,18
cardiotocography-172ef52f9a1b,19
cardiotocography-172ef52f9a1b,20
cardiotocography-172ef52f9a1b,21
cardiotocography-172ef52f9a1b,22
cardiotocography-172ef52f9a1b,23
cardiotocography-172ef52f9a1b,24
cardiotocography-172ef52f9a1b,25
cardiotocography-172ef52f9a1b,26
cardiotocography-172ef52f9a1b,27
cardiotocography-172ef52f9a1b,28
cardiotocography-172ef52f9a1b,29
churn-4ae7db677764,0
churn-4ae7db677764,1
churn-4ae7db677764,2
churn-4ae7db677764,3
churn-4ae7db677764,4
churn-4ae7db677764,5
churn-4ae7db677764,6
churn-4ae7db677764,7
churn-4ae7db677764,8
cirrhosis_patient_survival_prediction-c8851fd8162a,0
cirrhosis_patient_survival_prediction-c8851fd8162a,1
cirrhosis_patient_survival_prediction-c8851fd8162a,2
cirrhosis_patient_survival_prediction-c8851fd8162a,3
cirrhosis_patient_survival_prediction-c8851fd8162a,4
cirrhosis_patient_survival_prediction-c8851fd8162a,5
cirrhosis_patient_survival_prediction-c8851fd8162a,6
cirrhosis_patient_survival_prediction-c8851fd8162a,7
cirrhosis_patient_survival_prediction-c8851fd8162a,8
cirrhosis_patient_survival_prediction-c8851fd8162a,9
cirrhosis_patient_survival_prediction-c8851fd8162a,10
cirrhosis_patient_survival_prediction-c8851fd8162a,11
cirrhosis_patient_survival_prediction-c8851fd8162a,12
cirrhosis_patient_survival_prediction-c8851fd8162a,13
cirrhosis_patient_survival_prediction-c8851fd8162a,14
cirrhosis_patient_survival_prediction-c8851fd8162a,15
cirrhosis_patient_survival_prediction-c8851fd8162a,16
cirrhosis_patient_survival_prediction-c8851fd8162a,17
cirrhosis_patient_survival_prediction-c8851fd8162a,18
cirrhosis_patient_survival_prediction-c8851fd8162a,19
cirrhosis_patient_survival_prediction-c8851fd8162a,20
cirrhosis_patient_survival_prediction-c8851fd8162a,21
cirrhosis_patient_survival_prediction-c8851fd8162a,22
cirrhosis_patient_survival_prediction-c8851fd8162a,23
cirrhosis_patient_survival_prediction-c8851fd8162a,24
cirrhosis_patient_survival_prediction-c8851fd8162a,25
cirrhosis_patient_survival_prediction-c8851fd8162a,26
cirrhosis_patient_survival_prediction-c8851fd8162a,27
cirrhosis_patient_survival_prediction-c8851fd8162a,28
cirrhosis_patient_survival_prediction-c8851fd8162a,29
cirrhosis_patient_survival_prediction-c8851fd8162a,30
cirrhosis_patient_survival_prediction-c8851fd8162a,31
climate_model_weather_forecasting_1m-88f9bd87b0e4,0
clock_protein_toxicity-f1eed69eb784,0
clock_protein_toxicity-f1eed69eb784,1
clock_protein_toxicity-f1eed69eb784,2
clock_protein_toxicity-f1eed69eb784,3
clock_protein_toxicity-f1eed69eb784,4
clock_protein_toxicity-f1eed69eb784,5
clock_protein_toxicity-f1eed69eb784,6
clock_protein_toxicity-f1eed69eb784,7
clock_protein_toxicity-f1eed69eb784,8
clock_protein_toxicity-f1eed69eb784,9
clock_protein_toxicity-f1eed69eb784,10
clock_protein_toxicity-f1eed69eb784,11
clock_protein_toxicity-f1eed69eb784,12
clock_protein_toxicity-f1eed69eb784,13
clock_protein_toxicity-f1eed69eb784,14
clock_protein_toxicity-f1eed69eb784,15
clock_protein_toxicity-f1eed69eb784,16
clock_protein_toxicity-f1eed69eb784,17
clock_protein_toxicity-f1eed69eb784,18
clock_protein_toxicity-f1eed69eb784,19
clock_protein_toxicity-f1eed69eb784,20
clock_protein_toxicity-f1eed69eb784,21
clock_protein_toxicity-f1eed69eb784,22
clock_protein_toxicity-f1eed69eb784,23
clock_protein_toxicity-f1eed69eb784,24
clock_protein_toxicity-f1eed69eb784,25
coffee_rating_prediction-5ff37781e0a3,0
coffee_rating_prediction-5ff37781e0a3,1
coffee_rating_prediction-5ff37781e0a3,2
coffee_rating_prediction-5ff37781e0a3,3
coffee_rating_prediction-5ff37781e0a3,4
coil_2000-d498c6d7849f,0
coil_2000-d498c6d7849f,1
coil_2000-d498c6d7849f,2
coil_2000-d498c6d7849f,3
coil_2000-d498c6d7849f,4
coil_2000-d498c6d7849f,5
coil_2000-d498c6d7849f,6
coil_2000-d498c6d7849f,7
coil_2000-d498c6d7849f,8
concrete_compressive_strength-4c0702dec5d1,0
concrete_compressive_strength-4c0702dec5d1,1
concrete_compressive_strength-4c0702dec5d1,2
concrete_compressive_strength-4c0702dec5d1,3
concrete_compressive_strength-4c0702dec5d1,4
concrete_compressive_strength-4c0702dec5d1,5
concrete_compressive_strength-4c0702dec5d1,6
concrete_compressive_strength-4c0702dec5d1,7
concrete_compressive_strength-4c0702dec5d1,8
concrete_compressive_strength-4c0702dec5d1,9
concrete_compressive_strength-4c0702dec5d1,10
concrete_compressive_strength-4c0702dec5d1,11
concrete_compressive_strength-4c0702dec5d1,12
concrete_compressive_strength-4c0702dec5d1,13
concrete_compressive_strength-4c0702dec5d1,14
concrete_compressive_strength-4c0702dec5d1,15
concrete_compressive_strength-4c0702dec5d1,16
concrete_compressive_strength-4c0702dec5d1,17
consumer_complaints_1m-853af219eb5a,0
cooking_time_1m-835a54525572,0
covertype-1ed1c3d23864,0
covertype-1ed1c3d23864,1
covertype-1ed1c3d23864,2
credit_approval-a37d9105992b,0
credit_approval-a37d9105992b,1
credit_approval-a37d9105992b,2
credit_approval-a37d9105992b,3
credit_approval-a37d9105992b,4
credit_approval-a37d9105992b,5
credit_approval-a37d9105992b,6
credit_approval-a37d9105992b,7
credit_approval-a37d9105992b,8
credit_approval-a37d9105992b,9
credit_approval-a37d9105992b,10
credit_approval-a37d9105992b,11
credit_approval-a37d9105992b,12
credit_approval-a37d9105992b,13
credit_approval-a37d9105992b,14
credit_approval-a37d9105992b,15
credit_approval-a37d9105992b,16
credit_approval-a37d9105992b,17
credit_approval-a37d9105992b,18
credit_approval-a37d9105992b,19
credit_approval-a37d9105992b,20
credit_approval-a37d9105992b,21
credit_approval-a37d9105992b,22
credit_approval-a37d9105992b,23
credit_approval-a37d9105992b,24
credit_approval-a37d9105992b,25
credit_approval-a37d9105992b,26
credit_approval-a37d9105992b,27
credit_card_clients_default-9470ea90c86d,0
credit_card_clients_default-9470ea90c86d,1
credit_card_clients_default-9470ea90c86d,2
credit_card_clients_default-9470ea90c86d,3
credit_card_clients_default-9470ea90c86d,4
credit_card_clients_default-9470ea90c86d,5
credit_card_clients_default-9470ea90c86d,6
credit_card_clients_default-9470ea90c86d,7
credit_g-6ced9fa4ef3f,0
credit_g-6ced9fa4ef3f,1
credit_g-6ced9fa4ef3f,2
credit_g-6ced9fa4ef3f,3
credit_g-6ced9fa4ef3f,4
credit_g-6ced9fa4ef3f,5
credit_g-6ced9fa4ef3f,6
credit_g-6ced9fa4ef3f,7
credit_g-6ced9fa4ef3f,8
credit_g-6ced9fa4ef3f,9
credit_g-6ced9fa4ef3f,10
credit_g-6ced9fa4ef3f,11
credit_g-6ced9fa4ef3f,12
credit_g-6ced9fa4ef3f,13
credit_g-6ced9fa4ef3f,14
credit_g-6ced9fa4ef3f,15
credit_g-6ced9fa4ef3f,16
credit_g-6ced9fa4ef3f,17
credit_g-6ced9fa4ef3f,18
credit_g-6ced9fa4ef3f,19
credit_g-6ced9fa4ef3f,20
credit_g-6ced9fa4ef3f,21
credit_g-6ced9fa4ef3f,22
credit_g-6ced9fa4ef3f,23
credit_g-6ced9fa4ef3f,24
credit_g-6ced9fa4ef3f,25
credit_g-6ced9fa4ef3f,26
credit_g-6ced9fa4ef3f,27
credit_g-6ced9fa4ef3f,28
credit_g-6ced9fa4ef3f,29
customer_satisfaction_in_airline-717af216790d,0
delivery_eta_1m-2a88c3ab9376,0
dementia_prediction-d8ce15bd8d63,0
dementia_prediction-d8ce15bd8d63,1
dementia_prediction-d8ce15bd8d63,2
dementia_prediction-d8ce15bd8d63,3
dementia_prediction-d8ce15bd8d63,4
dementia_prediction-d8ce15bd8d63,5
dementia_prediction-d8ce15bd8d63,6
dementia_prediction-d8ce15bd8d63,7
dementia_prediction-d8ce15bd8d63,8
dementia_prediction-d8ce15bd8d63,9
dementia_prediction-d8ce15bd8d63,10
dementia_prediction-d8ce15bd8d63,11
dementia_prediction-d8ce15bd8d63,12
dementia_prediction-d8ce15bd8d63,13
dementia_prediction-d8ce15bd8d63,14
dementia_prediction-d8ce15bd8d63,15
dementia_prediction-d8ce15bd8d63,16
dementia_prediction-d8ce15bd8d63,17
dementia_prediction-d8ce15bd8d63,18
dementia_prediction-d8ce15bd8d63,19
dementia_prediction-d8ce15bd8d63,20
dementia_prediction-d8ce15bd8d63,21
dementia_prediction-d8ce15bd8d63,22
dementia_prediction-d8ce15bd8d63,23
dementia_prediction-d8ce15bd8d63,24
dementia_prediction-d8ce15bd8d63,25
dementia_prediction-d8ce15bd8d63,26
dementia_prediction-d8ce15bd8d63,27
dementia_prediction-d8ce15bd8d63,28
dementia_prediction-d8ce15bd8d63,29
diabetes_130_us-a06cb03600f0,0
diabetes_130_us-a06cb03600f0,1
diabetes_130_us-a06cb03600f0,2
diabetes_130_us-a06cb03600f0,3
diamonds-910d3c5757be,0
diamonds-910d3c5757be,1
drug_induced_autoimmunity_prediction-752f934a6ee0,0
drug_induced_autoimmunity_prediction-752f934a6ee0,1
drug_induced_autoimmunity_prediction-752f934a6ee0,2
drug_induced_autoimmunity_prediction-752f934a6ee0,3
drug_induced_autoimmunity_prediction-752f934a6ee0,4
drug_induced_autoimmunity_prediction-752f934a6ee0,5
drug_induced_autoimmunity_prediction-752f934a6ee0,6
drug_induced_autoimmunity_prediction-752f934a6ee0,7
drug_induced_autoimmunity_prediction-752f934a6ee0,8
drug_induced_autoimmunity_prediction-752f934a6ee0,9
drug_induced_autoimmunity_prediction-752f934a6ee0,10
drug_induced_autoimmunity_prediction-752f934a6ee0,11
drug_induced_autoimmunity_prediction-752f934a6ee0,12
drug_induced_autoimmunity_prediction-752f934a6ee0,13
drug_induced_autoimmunity_prediction-752f934a6ee0,14
drug_induced_autoimmunity_prediction-752f934a6ee0,15
drug_induced_autoimmunity_prediction-752f934a6ee0,16
drug_induced_autoimmunity_prediction-752f934a6ee0,17
drug_induced_autoimmunity_prediction-752f934a6ee0,18
drug_induced_autoimmunity_prediction-752f934a6ee0,19
drug_induced_autoimmunity_prediction-752f934a6ee0,20
drug_induced_autoimmunity_prediction-752f934a6ee0,21
drug_induced_autoimmunity_prediction-752f934a6ee0,22
drug_induced_autoimmunity_prediction-752f934a6ee0,23
early_learning_predictors-90d92cf6004c,0
early_learning_predictors-90d92cf6004c,1
early_learning_predictors-90d92cf6004c,2
early_learning_predictors-90d92cf6004c,3
early_learning_predictors-90d92cf6004c,4
early_stage_diabetes_risk_prediction-51d4ebef5816,0
early_stage_diabetes_risk_prediction-51d4ebef5816,1
early_stage_diabetes_risk_prediction-51d4ebef5816,2
early_stage_diabetes_risk_prediction-51d4ebef5816,3
early_stage_diabetes_risk_prediction-51d4ebef5816,4
early_stage_diabetes_risk_prediction-51d4ebef5816,5
early_stage_diabetes_risk_prediction-51d4ebef5816,6
early_stage_diabetes_risk_prediction-51d4ebef5816,7
early_stage_diabetes_risk_prediction-51d4ebef5816,8
early_stage_diabetes_risk_prediction-51d4ebef5816,9
early_stage_diabetes_risk_prediction-51d4ebef5816,10
early_stage_diabetes_risk_prediction-51d4ebef5816,11
early_stage_diabetes_risk_prediction-51d4ebef5816,12
early_stage_diabetes_risk_prediction-51d4ebef5816,13
early_stage_diabetes_risk_prediction-51d4ebef5816,14
early_stage_diabetes_risk_prediction-51d4ebef5816,15
early_stage_diabetes_risk_prediction-51d4ebef5816,16
early_stage_diabetes_risk_prediction-51d4ebef5816,17
early_stage_diabetes_risk_prediction-51d4ebef5816,18
early_stage_diabetes_risk_prediction-51d4ebef5816,19
early_stage_diabetes_risk_prediction-51d4ebef5816,20
early_stage_diabetes_risk_prediction-51d4ebef5816,21
early_stage_diabetes_risk_prediction-51d4ebef5816,22
early_stage_diabetes_risk_prediction-51d4ebef5816,23
early_stage_diabetes_risk_prediction-51d4ebef5816,24
early_stage_diabetes_risk_prediction-51d4ebef5816,25
early_stage_diabetes_risk_prediction-51d4ebef5816,26
early_stage_diabetes_risk_prediction-51d4ebef5816,27
early_stage_diabetes_risk_prediction-51d4ebef5816,28
ecoli_proteins-88ead48fb030,0
ecoli_proteins-88ead48fb030,1
ecoli_proteins-88ead48fb030,2
ecoli_proteins-88ead48fb030,3
ecoli_proteins-88ead48fb030,4
ecoli_proteins-88ead48fb030,5
ecoli_proteins-88ead48fb030,6
ecoli_proteins-88ead48fb030,7
ecoli_proteins-88ead48fb030,8
ecoli_proteins-88ead48fb030,9
ecoli_proteins-88ead48fb030,10
ecoli_proteins-88ead48fb030,11
ecoli_proteins-88ead48fb030,12
ecoli_proteins-88ead48fb030,13
ecoli_proteins-88ead48fb030,14
ecoli_proteins-88ead48fb030,15
ecoli_proteins-88ead48fb030,16
ecoli_proteins-88ead48fb030,17
ecoli_proteins-88ead48fb030,18
ecoli_proteins-88ead48fb030,19
ecoli_proteins-88ead48fb030,20
ecoli_proteins-88ead48fb030,21
ecoli_proteins-88ead48fb030,22
ecoli_proteins-88ead48fb030,23
ecoli_proteins-88ead48fb030,24
ecoli_proteins-88ead48fb030,25
ecoli_proteins-88ead48fb030,26
ecoli_proteins-88ead48fb030,27
ecoli_proteins-88ead48fb030,28
ecoli_proteins-88ead48fb030,29
ecoli_proteins-88ead48fb030,30
ecoli_proteins-88ead48fb030,31
ecoli_proteins-88ead48fb030,32
ecoli_proteins-88ead48fb030,33
ecoli_proteins-88ead48fb030,34
ecommerce_shipping-db33e797abb9,0
ecommerce_shipping-db33e797abb9,1
ecommerce_shipping-db33e797abb9,2
ecommerce_shipping-db33e797abb9,3
ecommerce_shipping-db33e797abb9,4
ecommerce_shipping-db33e797abb9,5
ecommerce_shipping-db33e797abb9,6
ecommerce_shipping-db33e797abb9,7
ecommerce_shipping-db33e797abb9,8
electric_motor_temperature_prediction-a13b29b9e53d,0
emscad-1790bb44ad91,0
emscad-1790bb44ad91,1
emscad-1790bb44ad91,2
emscad-1790bb44ad91,3
emscad-1790bb44ad91,4
emscad-1790bb44ad91,5
emscad-1790bb44ad91,6
emscad-1790bb44ad91,7
emscad-1790bb44ad91,8
eryhemato_squamous_disease-a64cf6ea937e,0
eryhemato_squamous_disease-a64cf6ea937e,1
eryhemato_squamous_disease-a64cf6ea937e,2
eryhemato_squamous_disease-a64cf6ea937e,3
eryhemato_squamous_disease-a64cf6ea937e,4
eryhemato_squamous_disease-a64cf6ea937e,5
eryhemato_squamous_disease-a64cf6ea937e,6
eryhemato_squamous_disease-a64cf6ea937e,7
eryhemato_squamous_disease-a64cf6ea937e,8
eryhemato_squamous_disease-a64cf6ea937e,9
eryhemato_squamous_disease-a64cf6ea937e,10
eryhemato_squamous_disease-a64cf6ea937e,11
eryhemato_squamous_disease-a64cf6ea937e,12
eryhemato_squamous_disease-a64cf6ea937e,13
eryhemato_squamous_disease-a64cf6ea937e,14
eryhemato_squamous_disease-a64cf6ea937e,15
fiat_500-b26e24c630ed,0
fiat_500-b26e24c630ed,1
fiat_500-b26e24c630ed,2
fiat_500-b26e24c630ed,3
fiat_500-b26e24c630ed,4
fiat_500-b26e24c630ed,5
fiat_500-b26e24c630ed,6
fiat_500-b26e24c630ed,7
fiat_500-b26e24c630ed,8
fiat_500-b26e24c630ed,9
fiat_500-b26e24c630ed,10
fiat_500-b26e24c630ed,11
fiat_500-b26e24c630ed,12
fiat_500-b26e24c630ed,13
fiat_500-b26e24c630ed,14
fiat_500-b26e24c630ed,15
fiat_500-b26e24c630ed,16
fiat_500-b26e24c630ed,17
fiat_500-b26e24c630ed,18
fiat_500-b26e24c630ed,19
fiat_500-b26e24c630ed,20
fiat_500-b26e24c630ed,21
fiat_500-b26e24c630ed,22
fiat_500-b26e24c630ed,23
fiat_500-b26e24c630ed,24
fiat_500-b26e24c630ed,25
fiat_500-b26e24c630ed,26
fiat_500-b26e24c630ed,27
fitness_club-95daf6614f7a,0
fitness_club-95daf6614f7a,1
fitness_club-95daf6614f7a,2
fitness_club-95daf6614f7a,3
fitness_club-95daf6614f7a,4
fitness_club-95daf6614f7a,5
fitness_club-95daf6614f7a,6
fitness_club-95daf6614f7a,7
fitness_club-95daf6614f7a,8
fitness_club-95daf6614f7a,9
fitness_club-95daf6614f7a,10
fitness_club-95daf6614f7a,11
fitness_club-95daf6614f7a,12
fitness_club-95daf6614f7a,13
fitness_club-95daf6614f7a,14
fitness_club-95daf6614f7a,15
fitness_club-95daf6614f7a,16
fitness_club-95daf6614f7a,17
fitness_club-95daf6614f7a,18
fitness_club-95daf6614f7a,19
fitness_club-95daf6614f7a,20
fitness_club-95daf6614f7a,21
fitness_club-95daf6614f7a,22
fitness_club-95daf6614f7a,23
fitness_club-95daf6614f7a,24
fitness_club-95daf6614f7a,25
fitness_club-95daf6614f7a,26
fitness_club-95daf6614f7a,27
fitness_club-95daf6614f7a,28
fitness_club-95daf6614f7a,29
food_delivery_time-c2db6ce03f6d,0
food_delivery_time-c2db6ce03f6d,1
forensic_glass_identification-e304196b0ccc,0
forensic_glass_identification-e304196b0ccc,1
forensic_glass_identification-e304196b0ccc,2
forensic_glass_identification-e304196b0ccc,3
forensic_glass_identification-e304196b0ccc,4
forensic_glass_identification-e304196b0ccc,5
forensic_glass_identification-e304196b0ccc,6
forensic_glass_identification-e304196b0ccc,7
forensic_glass_identification-e304196b0ccc,8
forensic_glass_identification-e304196b0ccc,9
forensic_glass_identification-e304196b0ccc,10
forensic_glass_identification-e304196b0ccc,11
forensic_glass_identification-e304196b0ccc,12
forensic_glass_identification-e304196b0ccc,13
forensic_glass_identification-e304196b0ccc,14
forensic_glass_identification-e304196b0ccc,15
forensic_glass_identification-e304196b0ccc,16
forensic_glass_identification-e304196b0ccc,17
forensic_glass_identification-e304196b0ccc,18
forest_fires-7dc3af8601af,0
forest_fires-7dc3af8601af,1
forest_fires-7dc3af8601af,2
forest_fires-7dc3af8601af,3
forest_fires-7dc3af8601af,4
forest_fires-7dc3af8601af,5
forest_fires-7dc3af8601af,6
forest_fires-7dc3af8601af,7
forest_fires-7dc3af8601af,8
forest_fires-7dc3af8601af,9
forest_fires-7dc3af8601af,10
forest_fires-7dc3af8601af,11
forest_fires-7dc3af8601af,12
forest_fires-7dc3af8601af,13
forest_fires-7dc3af8601af,14
forest_fires-7dc3af8601af,15
forest_fires-7dc3af8601af,16
forest_fires-7dc3af8601af,17
forest_fires-7dc3af8601af,18
forest_fires-7dc3af8601af,19
forest_fires-7dc3af8601af,20
forest_fires-7dc3af8601af,21
forest_fires-7dc3af8601af,22
forest_fires-7dc3af8601af,23
forest_fires-7dc3af8601af,24
forest_fires-7dc3af8601af,25
forest_fires-7dc3af8601af,26
forest_fires-7dc3af8601af,27
forest_fires-7dc3af8601af,28
forest_fires-7dc3af8601af,29
forest_fires-7dc3af8601af,30
forest_fires-7dc3af8601af,31
gallstone_disease-63982cfe3e7c,0
gallstone_disease-63982cfe3e7c,1
gallstone_disease-63982cfe3e7c,2
gallstone_disease-63982cfe3e7c,3
gallstone_disease-63982cfe3e7c,4
gallstone_disease-63982cfe3e7c,5
gallstone_disease-63982cfe3e7c,6
gallstone_disease-63982cfe3e7c,7
gallstone_disease-63982cfe3e7c,8
gallstone_disease-63982cfe3e7c,9
gallstone_disease-63982cfe3e7c,10
gallstone_disease-63982cfe3e7c,11
gallstone_disease-63982cfe3e7c,12
gallstone_disease-63982cfe3e7c,13
gallstone_disease-63982cfe3e7c,14
gallstone_disease-63982cfe3e7c,15
gallstone_disease-63982cfe3e7c,16
gallstone_disease-63982cfe3e7c,17
gallstone_disease-63982cfe3e7c,18
gallstone_disease-63982cfe3e7c,19
gallstone_disease-63982cfe3e7c,20
gallstone_disease-63982cfe3e7c,21
gallstone_disease-63982cfe3e7c,22
gallstone_disease-63982cfe3e7c,23
gallstone_disease-63982cfe3e7c,24
gallstone_disease-63982cfe3e7c,25
gallstone_disease-63982cfe3e7c,26
garments_worker_productivity-7b6a94e87c93,0
garments_worker_productivity-7b6a94e87c93,1
garments_worker_productivity-7b6a94e87c93,2
garments_worker_productivity-7b6a94e87c93,3
garments_worker_productivity-7b6a94e87c93,4
garments_worker_productivity-7b6a94e87c93,5
garments_worker_productivity-7b6a94e87c93,6
garments_worker_productivity-7b6a94e87c93,7
garments_worker_productivity-7b6a94e87c93,8
garments_worker_productivity-7b6a94e87c93,9
garments_worker_productivity-7b6a94e87c93,10
garments_worker_productivity-7b6a94e87c93,11
garments_worker_productivity-7b6a94e87c93,12
garments_worker_productivity-7b6a94e87c93,13
garments_worker_productivity-7b6a94e87c93,14
garments_worker_productivity-7b6a94e87c93,15
garments_worker_productivity-7b6a94e87c93,16
garments_worker_productivity-7b6a94e87c93,17
garments_worker_productivity-7b6a94e87c93,18
garments_worker_productivity-7b6a94e87c93,19
garments_worker_productivity-7b6a94e87c93,20
garments_worker_productivity-7b6a94e87c93,21
garments_worker_productivity-7b6a94e87c93,22
garments_worker_productivity-7b6a94e87c93,23
garments_worker_productivity-7b6a94e87c93,24
garments_worker_productivity-7b6a94e87c93,25
garments_worker_productivity-7b6a94e87c93,26
garments_worker_productivity-7b6a94e87c93,27
garments_worker_productivity-7b6a94e87c93,28
garments_worker_productivity-7b6a94e87c93,29
ghanas_indigenous_intel-ecbbda50d44e,0
ghanas_indigenous_intel-ecbbda50d44e,1
ghanas_indigenous_intel-ecbbda50d44e,2
ghanas_indigenous_intel-ecbbda50d44e,3
ghanas_indigenous_intel-ecbbda50d44e,4
ghanas_indigenous_intel-ecbbda50d44e,5
give_me_some_credit-51f4a5f15bd6,0
give_me_some_credit-51f4a5f15bd6,1
hazelnut_spread_contaminant_detection-2e831ed5986d,0
hazelnut_spread_contaminant_detection-2e831ed5986d,1
hazelnut_spread_contaminant_detection-2e831ed5986d,2
hazelnut_spread_contaminant_detection-2e831ed5986d,3
hazelnut_spread_contaminant_detection-2e831ed5986d,4
hazelnut_spread_contaminant_detection-2e831ed5986d,5
hazelnut_spread_contaminant_detection-2e831ed5986d,6
hazelnut_spread_contaminant_detection-2e831ed5986d,7
healthcare_insurance_expenses-ad067e29f4ae,0
healthcare_insurance_expenses-ad067e29f4ae,1
healthcare_insurance_expenses-ad067e29f4ae,2
healthcare_insurance_expenses-ad067e29f4ae,3
healthcare_insurance_expenses-ad067e29f4ae,4
healthcare_insurance_expenses-ad067e29f4ae,5
healthcare_insurance_expenses-ad067e29f4ae,6
healthcare_insurance_expenses-ad067e29f4ae,7
healthcare_insurance_expenses-ad067e29f4ae,8
healthcare_insurance_expenses-ad067e29f4ae,9
healthcare_insurance_expenses-ad067e29f4ae,10
healthcare_insurance_expenses-ad067e29f4ae,11
healthcare_insurance_expenses-ad067e29f4ae,12
healthcare_insurance_expenses-ad067e29f4ae,13
healthcare_insurance_expenses-ad067e29f4ae,14
healthcare_insurance_expenses-ad067e29f4ae,15
healthcare_insurance_expenses-ad067e29f4ae,16
healthcare_insurance_expenses-ad067e29f4ae,17
healthcare_insurance_expenses-ad067e29f4ae,18
healthcare_insurance_expenses-ad067e29f4ae,19
healthcare_insurance_expenses-ad067e29f4ae,20
healthcare_insurance_expenses-ad067e29f4ae,21
healthcare_insurance_expenses-ad067e29f4ae,22
healthcare_insurance_expenses-ad067e29f4ae,23
healthcare_insurance_expenses-ad067e29f4ae,24
healthcare_insurance_expenses-ad067e29f4ae,25
healthcare_insurance_expenses-ad067e29f4ae,26
healthcare_insurance_expenses-ad067e29f4ae,27
healthcare_insurance_expenses-ad067e29f4ae,28
heart_disease_cleveland-1e633334e0ef,0
heart_disease_cleveland-1e633334e0ef,1
heart_disease_cleveland-1e633334e0ef,2
heart_disease_cleveland-1e633334e0ef,3
heart_disease_cleveland-1e633334e0ef,4
heart_disease_cleveland-1e633334e0ef,5
heart_disease_cleveland-1e633334e0ef,6
heart_disease_cleveland-1e633334e0ef,7
heart_disease_cleveland-1e633334e0ef,8
heart_disease_cleveland-1e633334e0ef,9
heart_disease_cleveland-1e633334e0ef,10
heart_disease_cleveland-1e633334e0ef,11
heart_disease_cleveland-1e633334e0ef,12
heart_disease_cleveland-1e633334e0ef,13
heart_disease_cleveland-1e633334e0ef,14
heart_disease_cleveland-1e633334e0ef,15
heart_disease_cleveland-1e633334e0ef,16
heart_disease_cleveland-1e633334e0ef,17
heart_disease_cleveland-1e633334e0ef,18
heart_disease_cleveland-1e633334e0ef,19
heart_disease_cleveland-1e633334e0ef,20
heart_disease_cleveland-1e633334e0ef,21
heart_disease_cleveland-1e633334e0ef,22
heart_disease_cleveland-1e633334e0ef,23
heart_disease_cleveland-1e633334e0ef,24
heart_disease_cleveland-1e633334e0ef,25
heart_disease_cleveland-1e633334e0ef,26
heart_disease_cleveland-1e633334e0ef,27
heart_disease_cleveland-1e633334e0ef,28
heart_disease_cleveland-1e633334e0ef,29
heart_disease_cleveland-1e633334e0ef,30
heart_disease_cleveland-1e633334e0ef,31
heart_disease_cleveland-1e633334e0ef,32
heart_disease_cleveland-1e633334e0ef,33
heart_disease_cleveland-1e633334e0ef,34
heart_disease_cleveland-1e633334e0ef,35
heart_disease_cleveland-1e633334e0ef,36
heart_disease_cleveland-1e633334e0ef,37
heart_disease_hungary-f5ca5cfb8352,0
heart_disease_hungary-f5ca5cfb8352,1
heart_disease_hungary-f5ca5cfb8352,2
heart_disease_hungary-f5ca5cfb8352,3
heart_disease_hungary-f5ca5cfb8352,4
heart_disease_hungary-f5ca5cfb8352,5
heart_disease_hungary-f5ca5cfb8352,6
heart_disease_hungary-f5ca5cfb8352,7
heart_disease_hungary-f5ca5cfb8352,8
heart_disease_hungary-f5ca5cfb8352,9
heart_disease_hungary-f5ca5cfb8352,10
heart_disease_hungary-f5ca5cfb8352,11
heart_disease_hungary-f5ca5cfb8352,12
heart_disease_hungary-f5ca5cfb8352,13
heart_disease_hungary-f5ca5cfb8352,14
heart_disease_hungary-f5ca5cfb8352,15
heart_disease_hungary-f5ca5cfb8352,16
heart_disease_hungary-f5ca5cfb8352,17
heart_disease_hungary-f5ca5cfb8352,18
heart_disease_hungary-f5ca5cfb8352,19
heart_disease_hungary-f5ca5cfb8352,20
heart_disease_hungary-f5ca5cfb8352,21
heart_disease_hungary-f5ca5cfb8352,22
heart_disease_hungary-f5ca5cfb8352,23
heart_disease_hungary-f5ca5cfb8352,24
heart_disease_hungary-f5ca5cfb8352,25
heart_disease_hungary-f5ca5cfb8352,26
heart_disease_hungary-f5ca5cfb8352,27
heart_disease_hungary-f5ca5cfb8352,28
heart_disease_hungary-f5ca5cfb8352,29
heart_disease_hungary-f5ca5cfb8352,30
heart_disease_hungary-f5ca5cfb8352,31
heart_disease_va_long_beach-062b5d1dcb90,0
heart_disease_va_long_beach-062b5d1dcb90,1
heart_disease_va_long_beach-062b5d1dcb90,2
heart_disease_va_long_beach-062b5d1dcb90,3
heart_disease_va_long_beach-062b5d1dcb90,4
heart_disease_va_long_beach-062b5d1dcb90,5
heart_disease_va_long_beach-062b5d1dcb90,6
heart_disease_va_long_beach-062b5d1dcb90,7
heart_disease_va_long_beach-062b5d1dcb90,8
heart_disease_va_long_beach-062b5d1dcb90,9
heart_disease_va_long_beach-062b5d1dcb90,10
heart_disease_va_long_beach-062b5d1dcb90,11
heart_disease_va_long_beach-062b5d1dcb90,12
heart_disease_va_long_beach-062b5d1dcb90,13
heart_disease_va_long_beach-062b5d1dcb90,14
heart_disease_va_long_beach-062b5d1dcb90,15
heart_disease_va_long_beach-062b5d1dcb90,16
heart_disease_va_long_beach-062b5d1dcb90,17
heart_disease_va_long_beach-062b5d1dcb90,18
heart_disease_va_long_beach-062b5d1dcb90,19
heart_disease_va_long_beach-062b5d1dcb90,20
heart_disease_va_long_beach-062b5d1dcb90,21
heart_disease_va_long_beach-062b5d1dcb90,22
heart_disease_va_long_beach-062b5d1dcb90,23
heart_disease_va_long_beach-062b5d1dcb90,24
heart_disease_va_long_beach-062b5d1dcb90,25
heart_disease_va_long_beach-062b5d1dcb90,26
heart_disease_va_long_beach-062b5d1dcb90,27
heart_disease_va_long_beach-062b5d1dcb90,28
heart_disease_va_long_beach-062b5d1dcb90,29
heart_disease_va_long_beach-062b5d1dcb90,30
heart_disease_va_long_beach-062b5d1dcb90,31
heart_disease_va_long_beach-062b5d1dcb90,32
heart_disease_va_long_beach-062b5d1dcb90,33
heart_disease_va_long_beach-062b5d1dcb90,34
heart_disease_va_long_beach-062b5d1dcb90,35
heart_disease_va_long_beach-062b5d1dcb90,36
heart_failure_followup_survival-25d12c8bf5bb,0
heart_failure_followup_survival-25d12c8bf5bb,1
heart_failure_followup_survival-25d12c8bf5bb,2
heart_failure_followup_survival-25d12c8bf5bb,3
heart_failure_followup_survival-25d12c8bf5bb,4
heart_failure_followup_survival-25d12c8bf5bb,5
heart_failure_followup_survival-25d12c8bf5bb,6
heart_failure_followup_survival-25d12c8bf5bb,7
heart_failure_followup_survival-25d12c8bf5bb,8
heart_failure_followup_survival-25d12c8bf5bb,9
heart_failure_followup_survival-25d12c8bf5bb,10
heart_failure_followup_survival-25d12c8bf5bb,11
heart_failure_followup_survival-25d12c8bf5bb,12
heart_failure_followup_survival-25d12c8bf5bb,13
heart_failure_followup_survival-25d12c8bf5bb,14
heart_failure_followup_survival-25d12c8bf5bb,15
heart_failure_followup_survival-25d12c8bf5bb,16
heart_failure_followup_survival-25d12c8bf5bb,17
heart_failure_followup_survival-25d12c8bf5bb,18
heart_failure_followup_survival-25d12c8bf5bb,19
heart_failure_followup_survival-25d12c8bf5bb,20
heart_failure_followup_survival-25d12c8bf5bb,21
heart_failure_followup_survival-25d12c8bf5bb,22
heart_failure_followup_survival-25d12c8bf5bb,23
heart_failure_followup_survival-25d12c8bf5bb,24
heart_failure_followup_survival-25d12c8bf5bb,25
heart_failure_followup_survival-25d12c8bf5bb,26
heart_failure_followup_survival-25d12c8bf5bb,27
heart_failure_followup_survival-25d12c8bf5bb,28
heart_failure_followup_survival-25d12c8bf5bb,29
heart_failure_followup_survival-25d12c8bf5bb,30
heart_failure_followup_survival-25d12c8bf5bb,31
heart_failure_followup_survival-25d12c8bf5bb,32
heloc-d2ac12c6b994,0
heloc-d2ac12c6b994,1
heloc-d2ac12c6b994,2
heloc-d2ac12c6b994,3
heloc-d2ac12c6b994,4
heloc-d2ac12c6b994,5
heloc-d2ac12c6b994,6
heloc-d2ac12c6b994,7
heloc-d2ac12c6b994,8
hepatitis_c_prediction-d17a9e02b43b,0
hepatitis_c_prediction-d17a9e02b43b,1
hepatitis_c_prediction-d17a9e02b43b,2
hepatitis_c_prediction-d17a9e02b43b,3
hepatitis_c_prediction-d17a9e02b43b,4
hepatitis_c_prediction-d17a9e02b43b,5
hepatitis_c_prediction-d17a9e02b43b,6
hepatitis_c_prediction-d17a9e02b43b,7
hepatitis_c_prediction-d17a9e02b43b,8
hepatitis_c_prediction-d17a9e02b43b,9
hepatitis_c_prediction-d17a9e02b43b,10
hepatitis_c_prediction-d17a9e02b43b,11
hepatitis_c_prediction-d17a9e02b43b,12
hepatitis_c_prediction-d17a9e02b43b,13
hepatitis_c_prediction-d17a9e02b43b,14
hepatitis_c_prediction-d17a9e02b43b,15
hepatitis_c_prediction-d17a9e02b43b,16
hepatitis_c_prediction-d17a9e02b43b,17
hepatitis_c_prediction-d17a9e02b43b,18
hepatitis_c_prediction-d17a9e02b43b,19
hepatitis_c_prediction-d17a9e02b43b,20
hepatitis_c_prediction-d17a9e02b43b,21
hepatitis_c_prediction-d17a9e02b43b,22
hepatitis_c_prediction-d17a9e02b43b,23
hepatitis_c_prediction-d17a9e02b43b,24
hepatitis_c_prediction-d17a9e02b43b,25
hepatitis_survival_prediction-d1673748bbbe,0
hepatitis_survival_prediction-d1673748bbbe,1
hepatitis_survival_prediction-d1673748bbbe,2
hepatitis_survival_prediction-d1673748bbbe,3
hepatitis_survival_prediction-d1673748bbbe,4
hepatitis_survival_prediction-d1673748bbbe,5
hepatitis_survival_prediction-d1673748bbbe,6
hepatitis_survival_prediction-d1673748bbbe,7
hepatitis_survival_prediction-d1673748bbbe,8
hepatitis_survival_prediction-d1673748bbbe,9
hepatitis_survival_prediction-d1673748bbbe,10
hepatitis_survival_prediction-d1673748bbbe,11
hepatitis_survival_prediction-d1673748bbbe,12
hepatitis_survival_prediction-d1673748bbbe,13
hepatitis_survival_prediction-d1673748bbbe,14
hepatitis_survival_prediction-d1673748bbbe,15
hepatitis_survival_prediction-d1673748bbbe,16
hepatitis_survival_prediction-d1673748bbbe,17
hepatitis_survival_prediction-d1673748bbbe,18
hepatitis_survival_prediction-d1673748bbbe,19
hepatitis_survival_prediction-d1673748bbbe,20
hepatitis_survival_prediction-d1673748bbbe,21
hepatitis_survival_prediction-d1673748bbbe,22
hepatitis_survival_prediction-d1673748bbbe,23
hepatitis_survival_prediction-d1673748bbbe,24
hepatitis_survival_prediction-d1673748bbbe,25
hepatitis_survival_prediction-d1673748bbbe,26
hepatitis_survival_prediction-d1673748bbbe,27
hepatitis_survival_prediction-d1673748bbbe,28
hepatitis_survival_prediction-d1673748bbbe,29
hepatitis_survival_prediction-d1673748bbbe,30
hepatitis_survival_prediction-d1673748bbbe,31
hepatitis_survival_prediction-d1673748bbbe,32
hepatitis_survival_prediction-d1673748bbbe,33
hepatitis_survival_prediction-d1673748bbbe,34
hepatitis_survival_prediction-d1673748bbbe,35
hepatitis_survival_prediction-d1673748bbbe,36
hepatitis_survival_prediction-d1673748bbbe,37
hepatitis_survival_prediction-d1673748bbbe,38
hiva_agnostic-c4b35582c204,0
hiva_agnostic-c4b35582c204,1
hiva_agnostic-c4b35582c204,2
hiva_agnostic-c4b35582c204,3
hiva_agnostic-c4b35582c204,4
hiva_agnostic-c4b35582c204,5
hiva_agnostic-c4b35582c204,6
hiva_agnostic-c4b35582c204,7
hiva_agnostic-c4b35582c204,8
home_credit_default_risk-1b1ae7eb0542,0
home_credit_default_stability_1m-e56e2cf55fa2,0
homeq_default_prediction-6da1464558b9,0
homeq_default_prediction-6da1464558b9,1
homeq_default_prediction-6da1464558b9,2
homeq_default_prediction-6da1464558b9,3
homeq_default_prediction-6da1464558b9,4
homeq_default_prediction-6da1464558b9,5
homeq_default_prediction-6da1464558b9,6
homesite_quote_conversion-f57214c4e0ab,0
horse_colic_survival-e1beb13d0b4e,0
horse_colic_survival-e1beb13d0b4e,1
horse_colic_survival-e1beb13d0b4e,2
horse_colic_survival-e1beb13d0b4e,3
horse_colic_survival-e1beb13d0b4e,4
horse_colic_survival-e1beb13d0b4e,5
horse_colic_survival-e1beb13d0b4e,6
horse_colic_survival-e1beb13d0b4e,7
horse_colic_survival-e1beb13d0b4e,8
horse_colic_survival-e1beb13d0b4e,9
horse_colic_survival-e1beb13d0b4e,10
horse_colic_survival-e1beb13d0b4e,11
horse_colic_survival-e1beb13d0b4e,12
horse_colic_survival-e1beb13d0b4e,13
horse_colic_survival-e1beb13d0b4e,14
horse_colic_survival-e1beb13d0b4e,15
horse_colic_survival-e1beb13d0b4e,16
horse_colic_survival-e1beb13d0b4e,17
horse_colic_survival-e1beb13d0b4e,18
horse_colic_survival-e1beb13d0b4e,19
horse_colic_survival-e1beb13d0b4e,20
horse_colic_survival-e1beb13d0b4e,21
horse_colic_survival-e1beb13d0b4e,22
horse_colic_survival-e1beb13d0b4e,23
horse_colic_survival-e1beb13d0b4e,24
horse_colic_survival-e1beb13d0b4e,25
horse_colic_survival-e1beb13d0b4e,26
horse_colic_survival-e1beb13d0b4e,27
horse_colic_survival-e1beb13d0b4e,28
horse_colic_survival-e1beb13d0b4e,29
horse_colic_survival-e1beb13d0b4e,30
hotel_booking_demand-9541da6f5a2b,0
hotel_booking_demand-9541da6f5a2b,1
hotel_booking_demand-9541da6f5a2b,2
hotel_booking_demand-9541da6f5a2b,3
hotel_booking_demand-9541da6f5a2b,4
hotel_booking_demand-9541da6f5a2b,5
hotel_booking_demand-9541da6f5a2b,6
hotel_booking_demand-9541da6f5a2b,7
houses-ca1697d5c050,0
houses-ca1697d5c050,1
hr_analytics-9f0cb22a2cd4,0
hr_analytics-9f0cb22a2cd4,1
hr_analytics-9f0cb22a2cd4,2
hr_analytics-9f0cb22a2cd4,3
hr_analytics-9f0cb22a2cd4,4
hr_analytics-9f0cb22a2cd4,5
hr_analytics-9f0cb22a2cd4,6
hr_analytics-9f0cb22a2cd4,7
hr_analytics-9f0cb22a2cd4,8
ieee_fraud_detection-5e0af5cbbb73,0
ieee_fraud_detection-5e0af5cbbb73,1
immoscout_german_house_prices-58b4f389c67d,0
immoscout_german_house_prices-58b4f389c67d,1
immoscout_german_house_prices-58b4f389c67d,2
in_vehicle_coupon_recommendation-102e68b480bd,0
in_vehicle_coupon_recommendation-102e68b480bd,1
in_vehicle_coupon_recommendation-102e68b480bd,2
in_vehicle_coupon_recommendation-102e68b480bd,3
in_vehicle_coupon_recommendation-102e68b480bd,4
indian_liver_patient_dataset-0216cd985bcf,0
indian_liver_patient_dataset-0216cd985bcf,1
indian_liver_patient_dataset-0216cd985bcf,2
indian_liver_patient_dataset-0216cd985bcf,3
indian_liver_patient_dataset-0216cd985bcf,4
indian_liver_patient_dataset-0216cd985bcf,5
indian_liver_patient_dataset-0216cd985bcf,6
indian_liver_patient_dataset-0216cd985bcf,7
indian_liver_patient_dataset-0216cd985bcf,8
indian_liver_patient_dataset-0216cd985bcf,9
indian_liver_patient_dataset-0216cd985bcf,10
indian_liver_patient_dataset-0216cd985bcf,11
indian_liver_patient_dataset-0216cd985bcf,12
indian_liver_patient_dataset-0216cd985bcf,13
indian_liver_patient_dataset-0216cd985bcf,14
indian_liver_patient_dataset-0216cd985bcf,15
indian_liver_patient_dataset-0216cd985bcf,16
indian_liver_patient_dataset-0216cd985bcf,17
indian_liver_patient_dataset-0216cd985bcf,18
indian_liver_patient_dataset-0216cd985bcf,19
indian_liver_patient_dataset-0216cd985bcf,20
indian_liver_patient_dataset-0216cd985bcf,21
indian_liver_patient_dataset-0216cd985bcf,22
indian_liver_patient_dataset-0216cd985bcf,23
indian_liver_patient_dataset-0216cd985bcf,24
indian_liver_patient_dataset-0216cd985bcf,25
indian_liver_patient_dataset-0216cd985bcf,26
indian_liver_patient_dataset-0216cd985bcf,27
indian_liver_patient_dataset-0216cd985bcf,28
indian_liver_patient_dataset-0216cd985bcf,29
indian_liver_patient_dataset-0216cd985bcf,30
indian_liver_patient_dataset-0216cd985bcf,31
indian_liver_patient_dataset-0216cd985bcf,32
indian_liver_patient_dataset-0216cd985bcf,33
iranian_churn-87d6fa636729,0
iranian_churn-87d6fa636729,1
iranian_churn-87d6fa636729,2
iranian_churn-87d6fa636729,3
iranian_churn-87d6fa636729,4
iranian_churn-87d6fa636729,5
iranian_churn-87d6fa636729,6
iranian_churn-87d6fa636729,7
iranian_churn-87d6fa636729,8
iranian_churn-87d6fa636729,9
iranian_churn-87d6fa636729,10
iranian_churn-87d6fa636729,11
iranian_churn-87d6fa636729,12
iranian_churn-87d6fa636729,13
jm1-c8cfe392b650,0
jm1-c8cfe392b650,1
jm1-c8cfe392b650,2
jm1-c8cfe392b650,3
jm1-c8cfe392b650,4
jm1-c8cfe392b650,5
jm1-c8cfe392b650,6
jm1-c8cfe392b650,7
jm1-c8cfe392b650,8
kdd_cup_09_appetency-72d0143e7c3d,0
kdd_cup_09_appetency-72d0143e7c3d,1
kdd_cup_09_appetency-72d0143e7c3d,2
kdd_cup_09_appetency-72d0143e7c3d,3
kick-57821d387256,0
kick-57821d387256,1
kick-57821d387256,2
kick-57821d387256,3
kick-57821d387256,4
kick-57821d387256,5
kick-57821d387256,6
kick-57821d387256,7
kick-57821d387256,8
kickstarter-fc5123d788a6,0
kickstarter-fc5123d788a6,1
kickstarter-fc5123d788a6,2
labour_inspection_compliance-17b501f52bd1,0
lending_club_1m-f6bf13e264e4,0
ljubljana_breast_cancer-28c8b88c6b23,0
ljubljana_breast_cancer-28c8b88c6b23,1
ljubljana_breast_cancer-28c8b88c6b23,2
ljubljana_breast_cancer-28c8b88c6b23,3
ljubljana_breast_cancer-28c8b88c6b23,4
ljubljana_breast_cancer-28c8b88c6b23,5
ljubljana_breast_cancer-28c8b88c6b23,6
ljubljana_breast_cancer-28c8b88c6b23,7
ljubljana_breast_cancer-28c8b88c6b23,8
ljubljana_breast_cancer-28c8b88c6b23,9
ljubljana_breast_cancer-28c8b88c6b23,10
ljubljana_breast_cancer-28c8b88c6b23,11
ljubljana_breast_cancer-28c8b88c6b23,12
ljubljana_breast_cancer-28c8b88c6b23,13
ljubljana_breast_cancer-28c8b88c6b23,14
ljubljana_breast_cancer-28c8b88c6b23,15
ljubljana_breast_cancer-28c8b88c6b23,16
ljubljana_breast_cancer-28c8b88c6b23,17
ljubljana_breast_cancer-28c8b88c6b23,18
ljubljana_breast_cancer-28c8b88c6b23,19
ljubljana_breast_cancer-28c8b88c6b23,20
ljubljana_breast_cancer-28c8b88c6b23,21
ljubljana_breast_cancer-28c8b88c6b23,22
ljubljana_breast_cancer-28c8b88c6b23,23
ljubljana_breast_cancer-28c8b88c6b23,24
ljubljana_breast_cancer-28c8b88c6b23,25
ljubljana_breast_cancer-28c8b88c6b23,26
ljubljana_breast_cancer-28c8b88c6b23,27
ljubljana_breast_cancer-28c8b88c6b23,28
ljubljana_breast_cancer-28c8b88c6b23,29
ljubljana_breast_cancer-28c8b88c6b23,30
ljubljana_breast_cancer-28c8b88c6b23,31
ljubljana_breast_cancer-28c8b88c6b23,32
ljubljana_breast_cancer-28c8b88c6b23,33
ljubljana_primary_tumor-b1acf2d83b0d,0
ljubljana_primary_tumor-b1acf2d83b0d,1
ljubljana_primary_tumor-b1acf2d83b0d,2
ljubljana_primary_tumor-b1acf2d83b0d,3
ljubljana_primary_tumor-b1acf2d83b0d,4
ljubljana_primary_tumor-b1acf2d83b0d,5
ljubljana_primary_tumor-b1acf2d83b0d,6
ljubljana_primary_tumor-b1acf2d83b0d,7
ljubljana_primary_tumor-b1acf2d83b0d,8
ljubljana_primary_tumor-b1acf2d83b0d,9
ljubljana_primary_tumor-b1acf2d83b0d,10
ljubljana_primary_tumor-b1acf2d83b0d,11
ljubljana_primary_tumor-b1acf2d83b0d,12
ljubljana_primary_tumor-b1acf2d83b0d,13
ljubljana_primary_tumor-b1acf2d83b0d,14
ljubljana_primary_tumor-b1acf2d83b0d,15
ljubljana_primary_tumor-b1acf2d83b0d,16
ljubljana_primary_tumor-b1acf2d83b0d,17
ljubljana_primary_tumor-b1acf2d83b0d,18
ljubljana_primary_tumor-b1acf2d83b0d,19
ljubljana_primary_tumor-b1acf2d83b0d,20
ljubljana_primary_tumor-b1acf2d83b0d,21
ljubljana_primary_tumor-b1acf2d83b0d,22
ljubljana_primary_tumor-b1acf2d83b0d,23
ljubljana_primary_tumor-b1acf2d83b0d,24
lung_cancer-48c9b1f8934d,0
lung_cancer-48c9b1f8934d,1
lung_cancer-48c9b1f8934d,2
lung_cancer_epithelial_genexp-ff6233558b2e,0
lung_cancer_epithelial_genexp-ff6233558b2e,1
lung_cancer_epithelial_genexp-ff6233558b2e,2
lung_cancer_epithelial_genexp-ff6233558b2e,3
lung_cancer_epithelial_genexp-ff6233558b2e,4
maps_router_eta_1m-8072a09ffab6,0
marketing_campaign-45b76b0f0de6,0
marketing_campaign-45b76b0f0de6,1
marketing_campaign-45b76b0f0de6,2
marketing_campaign-45b76b0f0de6,3
marketing_campaign-45b76b0f0de6,4
marketing_campaign-45b76b0f0de6,5
marketing_campaign-45b76b0f0de6,6
marketing_campaign-45b76b0f0de6,7
marketing_campaign-45b76b0f0de6,8
marketing_campaign-45b76b0f0de6,9
marketing_campaign-45b76b0f0de6,10
marketing_campaign-45b76b0f0de6,11
marketing_campaign-45b76b0f0de6,12
marketing_campaign-45b76b0f0de6,13
marketing_campaign-45b76b0f0de6,14
marketing_campaign-45b76b0f0de6,15
marketing_campaign-45b76b0f0de6,16
marketing_campaign-45b76b0f0de6,17
marketing_campaign-45b76b0f0de6,18
marketing_campaign-45b76b0f0de6,19
marketing_campaign-45b76b0f0de6,20
marketing_campaign-45b76b0f0de6,21
marketing_campaign-45b76b0f0de6,22
marketing_campaign-45b76b0f0de6,23
marketing_campaign-45b76b0f0de6,24
marketing_campaign-45b76b0f0de6,25
marketing_campaign-45b76b0f0de6,26
marketing_campaign-45b76b0f0de6,27
marketing_campaign-45b76b0f0de6,28
maternal_health_risk-002da4815804,0
maternal_health_risk-002da4815804,1
maternal_health_risk-002da4815804,2
maternal_health_risk-002da4815804,3
maternal_health_risk-002da4815804,4
maternal_health_risk-002da4815804,5
maternal_health_risk-002da4815804,6
maternal_health_risk-002da4815804,7
maternal_health_risk-002da4815804,8
maternal_health_risk-002da4815804,9
maternal_health_risk-002da4815804,10
maternal_health_risk-002da4815804,11
maternal_health_risk-002da4815804,12
maternal_health_risk-002da4815804,13
maternal_health_risk-002da4815804,14
maternal_health_risk-002da4815804,15
maternal_health_risk-002da4815804,16
maternal_health_risk-002da4815804,17
maternal_health_risk-002da4815804,18
maternal_health_risk-002da4815804,19
mercari_price_suggestion_1m-12cff1856413,0
mercedes_benz_greener_manufacturing-da8ac0e00317,0
mercedes_benz_greener_manufacturing-da8ac0e00317,1
mercedes_benz_greener_manufacturing-da8ac0e00317,2
mercedes_benz_greener_manufacturing-da8ac0e00317,3
mercedes_benz_greener_manufacturing-da8ac0e00317,4
mercedes_benz_greener_manufacturing-da8ac0e00317,5
mercedes_benz_greener_manufacturing-da8ac0e00317,6
mercedes_benz_greener_manufacturing-da8ac0e00317,7
mercedes_benz_greener_manufacturing-da8ac0e00317,8
miami_housing-77ada7242bed,0
miami_housing-77ada7242bed,1
miami_housing-77ada7242bed,2
mic-ba10980b94f8,0
mic-ba10980b94f8,1
mic-ba10980b94f8,2
mic-ba10980b94f8,3
mic-ba10980b94f8,4
mic-ba10980b94f8,5
mic-ba10980b94f8,6
mic-ba10980b94f8,7
mic-ba10980b94f8,8
mic-ba10980b94f8,9
mic-ba10980b94f8,10
mic-ba10980b94f8,11
mic-ba10980b94f8,12
mic-ba10980b94f8,13
mic-ba10980b94f8,14
mic-ba10980b94f8,15
mice_protein_trisomy_discriminant-14c7a0eb99a0,0
mice_protein_trisomy_discriminant-14c7a0eb99a0,1
mice_protein_trisomy_discriminant-14c7a0eb99a0,2
mice_protein_trisomy_discriminant-14c7a0eb99a0,3
mice_protein_trisomy_discriminant-14c7a0eb99a0,4
mice_protein_trisomy_discriminant-14c7a0eb99a0,5
mice_protein_trisomy_discriminant-14c7a0eb99a0,6
mice_protein_trisomy_discriminant-14c7a0eb99a0,7
mice_protein_trisomy_discriminant-14c7a0eb99a0,8
mice_protein_trisomy_discriminant-14c7a0eb99a0,9
mice_protein_trisomy_discriminant-14c7a0eb99a0,10
mice_protein_trisomy_discriminant-14c7a0eb99a0,11
mice_protein_trisomy_discriminant-14c7a0eb99a0,12
mice_protein_trisomy_discriminant-14c7a0eb99a0,13
mice_protein_trisomy_discriminant-14c7a0eb99a0,14
micro_mass-5deb16d4fa0e,0
micro_mass-5deb16d4fa0e,1
musk-16dca0dbddf5,0
musk-16dca0dbddf5,1
musk-16dca0dbddf5,2
musk-16dca0dbddf5,3
musk-16dca0dbddf5,4
musk-16dca0dbddf5,5
musk-16dca0dbddf5,6
musk-16dca0dbddf5,7
musk-16dca0dbddf5,8
musk-16dca0dbddf5,9
musk-16dca0dbddf5,10
musk-16dca0dbddf5,11
musk-16dca0dbddf5,12
musk-16dca0dbddf5,13
musk-16dca0dbddf5,14
musk-16dca0dbddf5,15
musk-16dca0dbddf5,16
musk-16dca0dbddf5,17
musk-16dca0dbddf5,18
musk-16dca0dbddf5,19
musk-16dca0dbddf5,20
mutual_funds_india-5fbf8efc1836,0
mutual_funds_india-5fbf8efc1836,1
mutual_funds_india-5fbf8efc1836,2
mutual_funds_india-5fbf8efc1836,3
mutual_funds_india-5fbf8efc1836,4
mutual_funds_india-5fbf8efc1836,5
mutual_funds_india-5fbf8efc1836,6
mutual_funds_india-5fbf8efc1836,7
mutual_funds_india-5fbf8efc1836,8
mutual_funds_india-5fbf8efc1836,9
mutual_funds_india-5fbf8efc1836,10
mutual_funds_india-5fbf8efc1836,11
mutual_funds_india-5fbf8efc1836,12
mutual_funds_india-5fbf8efc1836,13
mutual_funds_india-5fbf8efc1836,14
mutual_funds_india-5fbf8efc1836,15
mutual_funds_india-5fbf8efc1836,16
mutual_funds_india-5fbf8efc1836,17
mutual_funds_india-5fbf8efc1836,18
mutual_funds_india-5fbf8efc1836,19
mutual_funds_india-5fbf8efc1836,20
mutual_funds_india-5fbf8efc1836,21
naticusdroid_android_permissions_dataset-c7f072cebb01,0
naticusdroid_android_permissions_dataset-c7f072cebb01,1
naticusdroid_android_permissions_dataset-c7f072cebb01,2
naticusdroid_android_permissions_dataset-c7f072cebb01,3
naticusdroid_android_permissions_dataset-c7f072cebb01,4
naticusdroid_android_permissions_dataset-c7f072cebb01,5
naticusdroid_android_permissions_dataset-c7f072cebb01,6
naticusdroid_android_permissions_dataset-c7f072cebb01,7
naticusdroid_android_permissions_dataset-c7f072cebb01,8
obesity_estimation-37bb57808420,0
obesity_estimation-37bb57808420,1
obesity_estimation-37bb57808420,2
obesity_estimation-37bb57808420,3
obesity_estimation-37bb57808420,4
obesity_estimation-37bb57808420,5
obesity_estimation-37bb57808420,6
obesity_estimation-37bb57808420,7
obesity_estimation-37bb57808420,8
obesity_estimation-37bb57808420,9
obesity_estimation-37bb57808420,10
obesity_estimation-37bb57808420,11
obesity_estimation-37bb57808420,12
obesity_estimation-37bb57808420,13
obesity_estimation-37bb57808420,14
obesity_estimation-37bb57808420,15
obesity_estimation-37bb57808420,16
obesity_estimation-37bb57808420,17
obesity_estimation-37bb57808420,18
obesity_estimation-37bb57808420,19
obesity_estimation-37bb57808420,20
obesity_estimation-37bb57808420,21
obesity_estimation-37bb57808420,22
obesity_estimation-37bb57808420,23
obesity_estimation-37bb57808420,24
obesity_estimation-37bb57808420,25
obesity_estimation-37bb57808420,26
obesity_estimation-37bb57808420,27
obesity_estimation-37bb57808420,28
online_shoppers_purchasing_intention_dat-7c9d5262e1c0,0
online_shoppers_purchasing_intention_dat-7c9d5262e1c0,1
online_shoppers_purchasing_intention_dat-7c9d5262e1c0,2
online_shoppers_purchasing_intention_dat-7c9d5262e1c0,3
online_shoppers_purchasing_intention_dat-7c9d5262e1c0,4
online_shoppers_purchasing_intention_dat-7c9d5262e1c0,5
online_shoppers_purchasing_intention_dat-7c9d5262e1c0,6
online_shoppers_purchasing_intention_dat-7c9d5262e1c0,7
online_shoppers_purchasing_intention_dat-7c9d5262e1c0,8
otto_group_product_classification_challe-08decc7aebcb,0
pancreatic_cancer_mouse_detection-bebbbfb72cb4,0
pancreatic_cancer_mouse_detection-bebbbfb72cb4,1
pancreatic_cancer_mouse_detection-bebbbfb72cb4,2
pancreatic_cancer_mouse_detection-bebbbfb72cb4,3
pancreatic_cancer_mouse_detection-bebbbfb72cb4,4
pancreatic_cancer_mouse_detection-bebbbfb72cb4,5
pancreatic_cancer_mouse_detection-bebbbfb72cb4,6
pancreatic_cancer_mouse_detection-bebbbfb72cb4,7
pancreatic_cancer_mouse_detection-bebbbfb72cb4,8
pancreatic_cancer_mouse_detection-bebbbfb72cb4,9
pancreatic_cancer_mouse_detection-bebbbfb72cb4,10
parkinsons_biomedical_voice_measurements-44c2da69ace1,0
parkinsons_biomedical_voice_measurements-44c2da69ace1,1
parkinsons_biomedical_voice_measurements-44c2da69ace1,2
parkinsons_biomedical_voice_measurements-44c2da69ace1,3
parkinsons_biomedical_voice_measurements-44c2da69ace1,4
parkinsons_biomedical_voice_measurements-44c2da69ace1,5
parkinsons_biomedical_voice_measurements-44c2da69ace1,6
parkinsons_biomedical_voice_measurements-44c2da69ace1,7
parkinsons_biomedical_voice_measurements-44c2da69ace1,8
parkinsons_biomedical_voice_measurements-44c2da69ace1,9
parkinsons_biomedical_voice_measurements-44c2da69ace1,10
parkinsons_biomedical_voice_measurements-44c2da69ace1,11
parkinsons_biomedical_voice_measurements-44c2da69ace1,12
parkinsons_biomedical_voice_measurements-44c2da69ace1,13
parkinsons_biomedical_voice_measurements-44c2da69ace1,14
parkinsons_biomedical_voice_measurements-44c2da69ace1,15
parkinsons_biomedical_voice_measurements-44c2da69ace1,16
parkinsons_biomedical_voice_measurements-44c2da69ace1,17
parkinsons_biomedical_voice_measurements-44c2da69ace1,18
parkinsons_biomedical_voice_measurements-44c2da69ace1,19
parkinsons_biomedical_voice_measurements-44c2da69ace1,20
parkinsons_biomedical_voice_measurements-44c2da69ace1,21
parkinsons_biomedical_voice_measurements-44c2da69ace1,22
parkinsons_biomedical_voice_measurements-44c2da69ace1,23
parkinsons_biomedical_voice_measurements-44c2da69ace1,24
parkinsons_biomedical_voice_measurements-44c2da69ace1,25
parkinsons_biomedical_voice_measurements-44c2da69ace1,26
parkinsons_biomedical_voice_measurements-44c2da69ace1,27
parkinsons_biomedical_voice_measurements-44c2da69ace1,28
parkinsons_biomedical_voice_measurements-44c2da69ace1,29
parkinsons_biomedical_voice_measurements-44c2da69ace1,30
parkinsons_biomedical_voice_measurements-44c2da69ace1,31
parkinsons_biomedical_voice_measurements-44c2da69ace1,32
parkinsons_biomedical_voice_measurements-44c2da69ace1,33
parkinsons_biomedical_voice_measurements-44c2da69ace1,34
physiochemical_protein-d68ec1dd11a4,0
polish_companies_bankruptcy-c6e7be38cb09,0
polish_companies_bankruptcy-c6e7be38cb09,1
polish_companies_bankruptcy-c6e7be38cb09,2
polish_companies_bankruptcy-c6e7be38cb09,3
polish_companies_bankruptcy-c6e7be38cb09,4
polish_companies_bankruptcy-c6e7be38cb09,5
polish_companies_bankruptcy-c6e7be38cb09,6
porto_seguro-7894967113f3,0
porto_seguro-7894967113f3,1
predict_students_dropout_and_academic_su-60806510bdda,0
predict_students_dropout_and_academic_su-60806510bdda,1
predict_students_dropout_and_academic_su-60806510bdda,2
predict_students_dropout_and_academic_su-60806510bdda,3
predict_students_dropout_and_academic_su-60806510bdda,4
predict_students_dropout_and_academic_su-60806510bdda,5
predict_students_dropout_and_academic_su-60806510bdda,6
predict_students_dropout_and_academic_su-60806510bdda,7
predict_students_dropout_and_academic_su-60806510bdda,8
prostate_cancer_detection-d59b58af2363,0
prostate_cancer_detection-d59b58af2363,1
prostate_cancer_detection-d59b58af2363,2
prostate_cancer_detection-d59b58af2363,3
prostate_cancer_detection-d59b58af2363,4
pva_revenue_prediction_kddcup98-94a4b79d0042,0
qsar_aquatic_toxicity-96e503f00d74,0
qsar_aquatic_toxicity-96e503f00d74,1
qsar_aquatic_toxicity-96e503f00d74,2
qsar_aquatic_toxicity-96e503f00d74,3
qsar_aquatic_toxicity-96e503f00d74,4
qsar_aquatic_toxicity-96e503f00d74,5
qsar_aquatic_toxicity-96e503f00d74,6
qsar_aquatic_toxicity-96e503f00d74,7
qsar_aquatic_toxicity-96e503f00d74,8
qsar_aquatic_toxicity-96e503f00d74,9
qsar_aquatic_toxicity-96e503f00d74,10
qsar_aquatic_toxicity-96e503f00d74,11
qsar_aquatic_toxicity-96e503f00d74,12
qsar_aquatic_toxicity-96e503f00d74,13
qsar_aquatic_toxicity-96e503f00d74,14
qsar_aquatic_toxicity-96e503f00d74,15
qsar_aquatic_toxicity-96e503f00d74,16
qsar_aquatic_toxicity-96e503f00d74,17
qsar_biodeg-99edbe20f66b,0
qsar_biodeg-99edbe20f66b,1
qsar_biodeg-99edbe20f66b,2
qsar_biodeg-99edbe20f66b,3
qsar_biodeg-99edbe20f66b,4
qsar_biodeg-99edbe20f66b,5
qsar_biodeg-99edbe20f66b,6
qsar_biodeg-99edbe20f66b,7
qsar_biodeg-99edbe20f66b,8
qsar_biodeg-99edbe20f66b,9
qsar_biodeg-99edbe20f66b,10
qsar_biodeg-99edbe20f66b,11
qsar_biodeg-99edbe20f66b,12
qsar_biodeg-99edbe20f66b,13
qsar_biodeg-99edbe20f66b,14
qsar_biodeg-99edbe20f66b,15
qsar_biodeg-99edbe20f66b,16
qsar_biodeg-99edbe20f66b,17
qsar_biodeg-99edbe20f66b,18
qsar_biodeg-99edbe20f66b,19
qsar_biodeg-99edbe20f66b,20
qsar_biodeg-99edbe20f66b,21
qsar_biodeg-99edbe20f66b,22
qsar_biodeg-99edbe20f66b,23
qsar_biodeg-99edbe20f66b,24
qsar_biodeg-99edbe20f66b,25
qsar_biodeg-99edbe20f66b,26
qsar_biodeg-99edbe20f66b,27
qsar_biodeg-99edbe20f66b,28
qsar_biodeg-99edbe20f66b,29
qsar_fish_toxicity-7d92081eed10,0
qsar_fish_toxicity-7d92081eed10,1
qsar_fish_toxicity-7d92081eed10,2
qsar_fish_toxicity-7d92081eed10,3
qsar_fish_toxicity-7d92081eed10,4
qsar_fish_toxicity-7d92081eed10,5
qsar_fish_toxicity-7d92081eed10,6
qsar_fish_toxicity-7d92081eed10,7
qsar_fish_toxicity-7d92081eed10,8
qsar_fish_toxicity-7d92081eed10,9
qsar_fish_toxicity-7d92081eed10,10
qsar_fish_toxicity-7d92081eed10,11
qsar_fish_toxicity-7d92081eed10,12
qsar_fish_toxicity-7d92081eed10,13
qsar_fish_toxicity-7d92081eed10,14
qsar_fish_toxicity-7d92081eed10,15
qsar_fish_toxicity-7d92081eed10,16
qsar_fish_toxicity-7d92081eed10,17
qsar_fish_toxicity-7d92081eed10,18
qsar_fish_toxicity-7d92081eed10,19
qsar_fish_toxicity-7d92081eed10,20
qsar_fish_toxicity-7d92081eed10,21
qsar_fish_toxicity-7d92081eed10,22
qsar_fish_toxicity-7d92081eed10,23
qsar_fish_toxicity-7d92081eed10,24
qsar_fish_toxicity-7d92081eed10,25
qsar_fish_toxicity-7d92081eed10,26
qsar_fish_toxicity-7d92081eed10,27
qsar_fish_toxicity-7d92081eed10,28
qsar_fish_toxicity-7d92081eed10,29
qsar_tid_11-34170685abe8,0
qsar_tid_11-34170685abe8,1
qsar_tid_11-34170685abe8,2
qsar_tid_11-34170685abe8,3
qsar_tid_11-34170685abe8,4
regensburg_pediatric_appendicitis-e7c24901d0c7,0
regensburg_pediatric_appendicitis-e7c24901d0c7,1
regensburg_pediatric_appendicitis-e7c24901d0c7,2
regensburg_pediatric_appendicitis-e7c24901d0c7,3
regensburg_pediatric_appendicitis-e7c24901d0c7,4
regensburg_pediatric_appendicitis-e7c24901d0c7,5
regensburg_pediatric_appendicitis-e7c24901d0c7,6
regensburg_pediatric_appendicitis-e7c24901d0c7,7
regensburg_pediatric_appendicitis-e7c24901d0c7,8
regensburg_pediatric_appendicitis-e7c24901d0c7,9
regensburg_pediatric_appendicitis-e7c24901d0c7,10
regensburg_pediatric_appendicitis-e7c24901d0c7,11
regensburg_pediatric_appendicitis-e7c24901d0c7,12
regensburg_pediatric_appendicitis-e7c24901d0c7,13
regensburg_pediatric_appendicitis-e7c24901d0c7,14
regensburg_pediatric_appendicitis-e7c24901d0c7,15
regensburg_pediatric_appendicitis-e7c24901d0c7,16
regensburg_pediatric_appendicitis-e7c24901d0c7,17
regensburg_pediatric_appendicitis-e7c24901d0c7,18
regensburg_pediatric_appendicitis-e7c24901d0c7,19
regensburg_pediatric_appendicitis-e7c24901d0c7,20
regensburg_pediatric_appendicitis-e7c24901d0c7,21
regensburg_pediatric_appendicitis-e7c24901d0c7,22
regensburg_pediatric_appendicitis-e7c24901d0c7,23
regensburg_pediatric_appendicitis-e7c24901d0c7,24
regensburg_pediatric_appendicitis-e7c24901d0c7,25
regensburg_pediatric_appendicitis-e7c24901d0c7,26
regensburg_pediatric_appendicitis-e7c24901d0c7,27
regensburg_pediatric_appendicitis-e7c24901d0c7,28
regensburg_pediatric_appendicitis-e7c24901d0c7,29
rossmann_store_sales-7f007635f770,0
rossmann_store_sales-7f007635f770,1
rossmann_store_sales-7f007635f770,2
santander_customer_satisfaction-504299481d76,0
santander_customer_satisfaction-504299481d76,1
santander_customer_satisfaction-504299481d76,2
santander_customer_transaction_predictio-23a97d4b68f1,0
santander_transaction_value-46443292502e,0
santander_transaction_value-46443292502e,1
santander_transaction_value-46443292502e,2
santander_transaction_value-46443292502e,3
santander_transaction_value-46443292502e,4
santander_transaction_value-46443292502e,5
santander_transaction_value-46443292502e,6
santander_transaction_value-46443292502e,7
santander_transaction_value-46443292502e,8
sat11_hand_algo_runtime-cda3af888024,0
sat11_hand_algo_runtime-cda3af888024,1
sat11_hand_algo_runtime-cda3af888024,2
sat11_hand_algo_runtime-cda3af888024,3
sat11_hand_algo_runtime-cda3af888024,4
sat11_hand_algo_runtime-cda3af888024,5
sat11_hand_algo_runtime-cda3af888024,6
sat11_hand_algo_runtime-cda3af888024,7
sat11_hand_algo_runtime-cda3af888024,8
sat11_hand_algo_runtime-cda3af888024,9
sat11_hand_algo_runtime-cda3af888024,10
sat11_hand_algo_runtime-cda3af888024,11
sat11_hand_algo_runtime-cda3af888024,12
sat11_hand_algo_runtime-cda3af888024,13
sat11_hand_algo_runtime-cda3af888024,14
sat11_hand_algo_runtime-cda3af888024,15
sat11_hand_algo_runtime-cda3af888024,16
sat11_hand_algo_runtime-cda3af888024,17
sat11_hand_algo_runtime-cda3af888024,18
sat11_hand_algo_runtime-cda3af888024,19
sat11_hand_algo_runtime-cda3af888024,20
sat11_hand_algo_runtime-cda3af888024,21
sat11_hand_algo_runtime-cda3af888024,22
sat11_hand_algo_runtime-cda3af888024,23
sberbank_housing_market_forecasting-54316cfd1a18,0
sberbank_housing_market_forecasting-54316cfd1a18,1
sberbank_housing_market_forecasting-54316cfd1a18,2
sberbank_housing_market_forecasting-54316cfd1a18,3
sberbank_housing_market_forecasting-54316cfd1a18,4
sdss_17-3d9b16fdea21,0
sdss_17-3d9b16fdea21,1
seismic_bumps-9636045db12f,0
seismic_bumps-9636045db12f,1
seismic_bumps-9636045db12f,2
seismic_bumps-9636045db12f,3
seismic_bumps-9636045db12f,4
seismic_bumps-9636045db12f,5
seismic_bumps-9636045db12f,6
seismic_bumps-9636045db12f,7
seismic_bumps-9636045db12f,8
seismic_bumps-9636045db12f,9
seismic_bumps-9636045db12f,10
seismic_bumps-9636045db12f,11
seismic_bumps-9636045db12f,12
seismic_bumps-9636045db12f,13
seismic_bumps-9636045db12f,14
seismic_bumps-9636045db12f,15
seismic_bumps-9636045db12f,16
seismic_bumps-9636045db12f,17
seismic_bumps-9636045db12f,18
seismic_bumps-9636045db12f,19
seismic_bumps-9636045db12f,20
seismic_bumps-9636045db12f,21
seismic_bumps-9636045db12f,22
seismic_bumps-9636045db12f,23
seismic_bumps-9636045db12f,24
seismic_bumps-9636045db12f,25
seismic_bumps-9636045db12f,26
seismic_bumps-9636045db12f,27
seismic_bumps-9636045db12f,28
seismic_bumps-9636045db12f,29
sepsis_prediction_1m-77a236a7d8eb,0
sepsis_survival_minimal_clinical_records-225532acc0df,0
sepsis_survival_minimal_clinical_records-225532acc0df,1
sepsis_survival_minimal_clinical_records-225532acc0df,2
sepsis_survival_minimal_clinical_records-225532acc0df,3
sepsis_survival_minimal_clinical_records-225532acc0df,4
sepsis_survival_minimal_clinical_records-225532acc0df,5
sepsis_survival_minimal_clinical_records-225532acc0df,6
sepsis_survival_minimal_clinical_records-225532acc0df,7
sf_permit_time-a3faf4c318ef,0
sf_permit_time-a3faf4c318ef,1
sf_permit_time-a3faf4c318ef,2
sf_permit_time-a3faf4c318ef,3
sf_permit_time-a3faf4c318ef,4
south_africa_coronary_heart_disease-0e8d7cd42b03,0
south_africa_coronary_heart_disease-0e8d7cd42b03,1
south_africa_coronary_heart_disease-0e8d7cd42b03,2
south_africa_coronary_heart_disease-0e8d7cd42b03,3
south_africa_coronary_heart_disease-0e8d7cd42b03,4
south_africa_coronary_heart_disease-0e8d7cd42b03,5
south_africa_coronary_heart_disease-0e8d7cd42b03,6
south_africa_coronary_heart_disease-0e8d7cd42b03,7
south_africa_coronary_heart_disease-0e8d7cd42b03,8
south_africa_coronary_heart_disease-0e8d7cd42b03,9
south_africa_coronary_heart_disease-0e8d7cd42b03,10
south_africa_coronary_heart_disease-0e8d7cd42b03,11
south_africa_coronary_heart_disease-0e8d7cd42b03,12
south_africa_coronary_heart_disease-0e8d7cd42b03,13
south_africa_coronary_heart_disease-0e8d7cd42b03,14
south_africa_coronary_heart_disease-0e8d7cd42b03,15
south_africa_coronary_heart_disease-0e8d7cd42b03,16
south_africa_coronary_heart_disease-0e8d7cd42b03,17
south_africa_coronary_heart_disease-0e8d7cd42b03,18
south_africa_coronary_heart_disease-0e8d7cd42b03,19
south_africa_coronary_heart_disease-0e8d7cd42b03,20
south_africa_coronary_heart_disease-0e8d7cd42b03,21
south_africa_coronary_heart_disease-0e8d7cd42b03,22
south_africa_coronary_heart_disease-0e8d7cd42b03,23
south_africa_coronary_heart_disease-0e8d7cd42b03,24
south_africa_coronary_heart_disease-0e8d7cd42b03,25
south_africa_coronary_heart_disease-0e8d7cd42b03,26
south_africa_coronary_heart_disease-0e8d7cd42b03,27
splice-0b61e96684a9,0
splice-0b61e96684a9,1
splice-0b61e96684a9,2
splice-0b61e96684a9,3
splice-0b61e96684a9,4
splice-0b61e96684a9,5
splice-0b61e96684a9,6
splice-0b61e96684a9,7
splice-0b61e96684a9,8
splice-0b61e96684a9,9
splice-0b61e96684a9,10
splice-0b61e96684a9,11
student_portuguese_performance-3bb888dc8310,0
student_portuguese_performance-3bb888dc8310,1
student_portuguese_performance-3bb888dc8310,2
student_portuguese_performance-3bb888dc8310,3
student_portuguese_performance-3bb888dc8310,4
student_portuguese_performance-3bb888dc8310,5
student_portuguese_performance-3bb888dc8310,6
student_portuguese_performance-3bb888dc8310,7
student_portuguese_performance-3bb888dc8310,8
student_portuguese_performance-3bb888dc8310,9
student_portuguese_performance-3bb888dc8310,10
student_portuguese_performance-3bb888dc8310,11
student_portuguese_performance-3bb888dc8310,12
student_portuguese_performance-3bb888dc8310,13
student_portuguese_performance-3bb888dc8310,14
student_portuguese_performance-3bb888dc8310,15
student_portuguese_performance-3bb888dc8310,16
student_portuguese_performance-3bb888dc8310,17
student_portuguese_performance-3bb888dc8310,18
student_portuguese_performance-3bb888dc8310,19
student_portuguese_performance-3bb888dc8310,20
student_portuguese_performance-3bb888dc8310,21
student_portuguese_performance-3bb888dc8310,22
student_portuguese_performance-3bb888dc8310,23
student_portuguese_performance-3bb888dc8310,24
student_portuguese_performance-3bb888dc8310,25
student_portuguese_performance-3bb888dc8310,26
student_portuguese_performance-3bb888dc8310,27
student_portuguese_performance-3bb888dc8310,28
student_portuguese_performance-3bb888dc8310,29
student_portuguese_performance-3bb888dc8310,30
student_portuguese_performance-3bb888dc8310,31
student_portuguese_performance-3bb888dc8310,32
student_portuguese_performance-3bb888dc8310,33
student_portuguese_performance-3bb888dc8310,34
superconductivity-f6f2e1d679cc,0
superconductivity-f6f2e1d679cc,1
superconductivity-f6f2e1d679cc,2
superconductivity-f6f2e1d679cc,3
superconductivity-f6f2e1d679cc,4
superconductivity-f6f2e1d679cc,5
taiwanese_bankruptcy_prediction-e1d1c0962bcb,0
taiwanese_bankruptcy_prediction-e1d1c0962bcb,1
taiwanese_bankruptcy_prediction-e1d1c0962bcb,2
taiwanese_bankruptcy_prediction-e1d1c0962bcb,3
taiwanese_bankruptcy_prediction-e1d1c0962bcb,4
taiwanese_bankruptcy_prediction-e1d1c0962bcb,5
taiwanese_bankruptcy_prediction-e1d1c0962bcb,6
taiwanese_bankruptcy_prediction-e1d1c0962bcb,7
taiwanese_bankruptcy_prediction-e1d1c0962bcb,8
telemonitoring_parkinsons_biomedical_voi-c608f1a3d898,0
telemonitoring_parkinsons_biomedical_voi-c608f1a3d898,1
telemonitoring_parkinsons_biomedical_voi-c608f1a3d898,2
telemonitoring_parkinsons_biomedical_voi-c608f1a3d898,3
telemonitoring_parkinsons_biomedical_voi-c608f1a3d898,4
telemonitoring_parkinsons_biomedical_voi-c608f1a3d898,5
telemonitoring_parkinsons_biomedical_voi-c608f1a3d898,6
telemonitoring_parkinsons_biomedical_voi-c608f1a3d898,7
telemonitoring_parkinsons_biomedical_voi-c608f1a3d898,8
telemonitoring_parkinsons_biomedical_voi-c608f1a3d898,9
telemonitoring_parkinsons_biomedical_voi-c608f1a3d898,10
telemonitoring_parkinsons_biomedical_voi-c608f1a3d898,11
telemonitoring_parkinsons_biomedical_voi-c608f1a3d898,12
telemonitoring_parkinsons_biomedical_voi-c608f1a3d898,13
telemonitoring_parkinsons_biomedical_voi-c608f1a3d898,14
telemonitoring_parkinsons_biomedical_voi-c608f1a3d898,15
telemonitoring_parkinsons_biomedical_voi-c608f1a3d898,16
telemonitoring_parkinsons_biomedical_voi-c608f1a3d898,17
telemonitoring_parkinsons_biomedical_voi-c608f1a3d898,18
telemonitoring_parkinsons_biomedical_voi-c608f1a3d898,19
telemonitoring_parkinsons_biomedical_voi-c608f1a3d898,20
telemonitoring_parkinsons_biomedical_voi-c608f1a3d898,21
telemonitoring_parkinsons_biomedical_voi-c608f1a3d898,22
telemonitoring_parkinsons_biomedical_voi-c608f1a3d898,23
telemonitoring_parkinsons_biomedical_voi-c608f1a3d898,24
telemonitoring_parkinsons_biomedical_voi-c608f1a3d898,25
telemonitoring_parkinsons_biomedical_voi-c608f1a3d898,26
telemonitoring_parkinsons_biomedical_voi-c608f1a3d898,27
telemonitoring_parkinsons_biomedical_voi-c608f1a3d898,28
telemonitoring_parkinsons_biomedical_voi-c608f1a3d898,29
telemonitoring_parkinsons_biomedical_voi-c608f1a3d898,30
telemonitoring_parkinsons_biomedical_voi-c608f1a3d898,31
telemonitoring_parkinsons_biomedical_voi-c608f1a3d898,32
telemonitoring_parkinsons_biomedical_voi-c608f1a3d898,33
telemonitoring_parkinsons_biomedical_voi-c608f1a3d898,34
telemonitoring_parkinsons_biomedical_voi-c608f1a3d898,35
telemonitoring_parkinsons_biomedical_voi-c608f1a3d898,36
telemonitoring_parkinsons_biomedical_voi-c608f1a3d898,37
thyroid_discordant-1111dc4e4f7d,0
thyroid_discordant-1111dc4e4f7d,1
thyroid_discordant-1111dc4e4f7d,2
thyroid_discordant-1111dc4e4f7d,3
thyroid_discordant-1111dc4e4f7d,4
thyroid_discordant-1111dc4e4f7d,5
thyroid_discordant-1111dc4e4f7d,6
thyroid_discordant-1111dc4e4f7d,7
thyroid_discordant-1111dc4e4f7d,8
thyroid_discordant-1111dc4e4f7d,9
thyroid_discordant-1111dc4e4f7d,10
thyroid_discordant-1111dc4e4f7d,11
thyroid_discordant-1111dc4e4f7d,12
thyroid_discordant-1111dc4e4f7d,13
thyroid_discordant-1111dc4e4f7d,14
thyroid_discordant-1111dc4e4f7d,15
thyroid_discordant-1111dc4e4f7d,16
thyroid_discordant-1111dc4e4f7d,17
thyroid_discordant-1111dc4e4f7d,18
thyroid_discordant-1111dc4e4f7d,19
thyroid_discordant-1111dc4e4f7d,20
thyroid_discordant-1111dc4e4f7d,21
thyroid_discordant-1111dc4e4f7d,22
thyroid_discordant-1111dc4e4f7d,23
thyroid_discordant-1111dc4e4f7d,24
thyroid_discordant-1111dc4e4f7d,25
thyroid_discordant-1111dc4e4f7d,26
thyroid_discordant-1111dc4e4f7d,27
thyroid_discordant-1111dc4e4f7d,28
thyroid_discordant-1111dc4e4f7d,29
tour_travels_churn-638a10e1adbe,0
tour_travels_churn-638a10e1adbe,1
tour_travels_churn-638a10e1adbe,2
tour_travels_churn-638a10e1adbe,3
tour_travels_churn-638a10e1adbe,4
tour_travels_churn-638a10e1adbe,5
tour_travels_churn-638a10e1adbe,6
tour_travels_churn-638a10e1adbe,7
tour_travels_churn-638a10e1adbe,8
tour_travels_churn-638a10e1adbe,9
tour_travels_churn-638a10e1adbe,10
tour_travels_churn-638a10e1adbe,11
tour_travels_churn-638a10e1adbe,12
tour_travels_churn-638a10e1adbe,13
tour_travels_churn-638a10e1adbe,14
tour_travels_churn-638a10e1adbe,15
tour_travels_churn-638a10e1adbe,16
tour_travels_churn-638a10e1adbe,17
tour_travels_churn-638a10e1adbe,18
tour_travels_churn-638a10e1adbe,19
tour_travels_churn-638a10e1adbe,20
tour_travels_churn-638a10e1adbe,21
tour_travels_churn-638a10e1adbe,22
tour_travels_churn-638a10e1adbe,23
tour_travels_churn-638a10e1adbe,24
tour_travels_churn-638a10e1adbe,25
tour_travels_churn-638a10e1adbe,26
tour_travels_churn-638a10e1adbe,27
tour_travels_churn-638a10e1adbe,28
tour_travels_churn-638a10e1adbe,29
video_game_fps_prediction-af230e95b2ad,0
video_game_fps_prediction-af230e95b2ad,1
video_game_fps_prediction-af230e95b2ad,2
video_game_fps_prediction-af230e95b2ad,3
video_game_fps_prediction-af230e95b2ad,4
video_game_fps_prediction-af230e95b2ad,5
video_game_fps_prediction-af230e95b2ad,6
video_game_fps_prediction-af230e95b2ad,7
video_transcoding_time_prediction-1aa8b8149615,0
video_transcoding_time_prediction-1aa8b8149615,1
video_transcoding_time_prediction-1aa8b8149615,2
video_transcoding_time_prediction-1aa8b8149615,3
video_transcoding_time_prediction-1aa8b8149615,4
video_transcoding_time_prediction-1aa8b8149615,5
video_transcoding_time_prediction-1aa8b8149615,6
video_transcoding_time_prediction-1aa8b8149615,7
video_transcoding_time_prediction-1aa8b8149615,8
website_phishing-e1ffdd9e6d3a,0
website_phishing-e1ffdd9e6d3a,1
website_phishing-e1ffdd9e6d3a,2
website_phishing-e1ffdd9e6d3a,3
website_phishing-e1ffdd9e6d3a,4
website_phishing-e1ffdd9e6d3a,5
website_phishing-e1ffdd9e6d3a,6
website_phishing-e1ffdd9e6d3a,7
website_phishing-e1ffdd9e6d3a,8
website_phishing-e1ffdd9e6d3a,9
website_phishing-e1ffdd9e6d3a,10
website_phishing-e1ffdd9e6d3a,11
website_phishing-e1ffdd9e6d3a,12
website_phishing-e1ffdd9e6d3a,13
website_phishing-e1ffdd9e6d3a,14
website_phishing-e1ffdd9e6d3a,15
website_phishing-e1ffdd9e6d3a,16
website_phishing-e1ffdd9e6d3a,17
website_phishing-e1ffdd9e6d3a,18
website_phishing-e1ffdd9e6d3a,19
website_phishing-e1ffdd9e6d3a,20
wids_diabetes_mellitus-d05f898265f2,0
wine_quality-6ad3969edbaa,0
wine_quality-6ad3969edbaa,1
wine_quality-6ad3969edbaa,2
wine_quality-6ad3969edbaa,3
wine_quality-6ad3969edbaa,4
wine_quality-6ad3969edbaa,5
wine_quality-6ad3969edbaa,6
wine_quality-6ad3969edbaa,7
wine_world_cost-59804d5f92e6,0
wine_world_cost-59804d5f92e6,1
wine_world_cost-59804d5f92e6,2
wine_world_cost-59804d5f92e6,3
wine_world_cost-59804d5f92e6,4
wine_world_cost-59804d5f92e6,5
wine_world_cost-59804d5f92e6,6
wine_world_cost-59804d5f92e6,7
